Date,Open,High,Low,Close,Volume
8/14/2014,42.25,42.584999,41.724998,41.77,1123664
8/15/2014,41.805,42.259998,41.349998,41.435001,1190046
8/18/2014,42.025002,42.099998,41.645,42.07,664045
8/19/2014,42.275002,42.529999,42.049999,42.380001,644284
8/20/2014,42.32,42.360001,41.779999,42.330002,511157
8/21/2014,42.314999,43,41.799999,42.985001,742633
8/22/2014,43,43.5,42.52,42.779999,751870
8/25/2014,43.355,43.48,42.865002,43.395,398508
8/26/2014,43.294998,43.974998,43.005001,43.849998,771343
8/27/2014,43.575001,44.275002,43.540001,44.040001,763792
8/28/2014,43.709999,43.91,43.16,43.365002,649571
8/29/2014,43.355,43.625,43.09,43.375,553543
9/1/2014,43.400002,43.57,42.360001,43.115002,513290
9/2/2014,43.174999,43.34,42.75,42.919998,631949
9/3/2014,43.014999,43.849998,43.014999,43.264999,753594
9/4/2014,43.169998,44.790001,43.005001,43.84,1580651
9/5/2014,43.16,44.084999,43.009998,43.740002,1094974
9/8/2014,43.735001,44.25,43.220001,43.639999,759344
9/9/2014,43.490002,43.700001,43.014999,43.165001,502165
9/10/2014,43.035,43.395,42.645,43.244999,741710
9/11/2014,43.34,43.400002,42.900002,43.150002,643930
9/12/2014,43.185001,43.23,42.924999,43.105,482250
9/15/2014,42.794998,43.165001,42.700001,42.855,635155
9/16/2014,42.889999,42.915001,42.360001,42.669998,799129
9/17/2014,42.98,43.02,42.610001,42.869999,864376
9/18/2014,42.98,43.375,42.799999,43.200001,924541
9/19/2014,43.625,43.950001,43.25,43.665001,1612108
9/22/2014,43.419998,44.139999,43.34,43.560001,807562
9/23/2014,43.255001,43.330002,42.900002,42.945,1228134
9/24/2014,42.939999,42.955002,42.470001,42.805,981411
9/25/2014,42.945,43.369999,42.584999,42.779999,1111091
9/26/2014,42.785,43.25,42.389999,42.965,813875
9/29/2014,42.959999,43.055,42.07,42.154999,984027
9/30/2014,42.375,42.630001,41.904999,42.165001,1020532
10/1/2014,42.060001,43.16,42.060001,42.764999,1077222
10/2/2014,42.740002,42.924999,41.215,41.285,1645328
10/3/2014,41.865002,42.389999,41.509998,42.255001,957014
10/6/2014,42.759998,43.200001,42.439999,43.055,1197529
10/7/2014,42.970001,43.349998,42.375,42.560001,1112799
10/8/2014,42.294998,42.439999,41.595001,41.84,1002591
10/9/2014,42.549999,42.549999,41.119999,41.439999,967635
10/10/2014,41.02,41.584999,40.625,40.794998,1125318
10/13/2014,40.32,41.424999,40.099998,40.740002,1030581
10/14/2014,40.57,40.84,39.77,40.705002,871388
10/15/2014,40.77,41.005001,38.645,38.700001,1736436
10/16/2014,38.759998,39.110001,36.529999,38.005001,2778735
10/17/2014,38.224998,39.735001,37.855,39.634998,1588170
10/20/2014,39.700001,40.34,39.32,39.775002,1305717
10/21/2014,39.744999,40.98,39.575001,40.735001,1702599
10/22/2014,40.75,41.084999,40.310001,40.799999,1286407
10/23/2014,40.605,41.134998,40.209999,40.935001,1391455
10/24/2014,40.915001,41.900002,40.91,41.685001,1751641
10/27/2014,42.200001,42.334999,40.279999,40.555,1774821
10/28/2014,41.080002,41.465,40.75,41.25,857730
10/29/2014,41.529999,41.799999,40.855,41.044998,1109319
10/30/2014,41.529999,41.654999,39.924999,41.305,1376522
10/31/2014,41.950001,42.805,41.849998,42.75,1348696
11/3/2014,42.57,42.990002,42.305,42.400002,992060
11/4/2014,42.290001,42.52,40.875,41.09,1588299
11/5/2014,41.435001,42.575001,40.924999,42.465,1474458
11/6/2014,42.154999,43.334999,41.5,41.869999,1808710
11/7/2014,42.095001,42.220001,40.855,41.200001,894865
11/10/2014,41.110001,41.525002,40.709999,41.105,723123
11/11/2014,41.16,41.68,40.965,41.220001,746753
11/12/2014,41.055,41.154999,39.959999,40.115002,1456139
11/13/2014,41.700001,42.970001,41.5,42.555,2073104
11/14/2014,42.580002,43.25,42.275002,43.02,1238888
11/17/2014,42.59,43.325001,42.435001,43.244999,1008749
11/18/2014,43.125,43.610001,42.98,43.435001,901979
11/19/2014,43.435001,43.805,43.165001,43.595001,927093
11/20/2014,43.709999,43.73,43.299999,43.650002,1231703
11/21/2014,43.75,44.884998,43.57,44.814999,1552559
11/24/2014,44.900002,45.490002,44.845001,45.044998,945301
11/25/2014,45.099998,46,45.099998,45.799999,1399666
11/26/2014,45.66,45.709999,44.959999,45.27,932008
11/27/2014,45.27,45.895,45.16,45.560001,816703
11/28/2014,45.540001,46,45.334999,46,932098
12/1/2014,45.549999,45.900002,44.994999,45.654999,763650
12/2/2014,45.825001,45.900002,45.075001,45.57,874480
12/3/2014,45.505001,45.869999,45.415001,45.650002,707104
12/4/2014,45.599998,45.84,44.445,45.060001,1191411
12/5/2014,45.564999,46.849998,45.564999,46.849998,1608493
12/8/2014,46.470001,46.889999,46.259998,46.549999,835228
12/9/2014,46.09,46.16,44.830002,45.115002,1386437
12/10/2014,45.099998,45.674999,44.790001,45.02,884510
12/11/2014,45.110001,45.994999,44.904999,45.404999,1099263
12/12/2014,45.07,45.419998,44.209999,44.310001,846012
12/15/2014,44.055,44.950001,43.25,43.395,1131769
12/16/2014,43.435001,44.779999,42.77,44.779999,1625939
12/17/2014,44.200001,44.84,43.595001,44.619999,1080251
12/18/2014,45.215,45.459999,44.669998,45.299999,1061306
12/19/2014,45.900002,46.549999,45.535,46.209999,1860259
12/22/2014,46.310001,46.75,46.264999,46.605,664567
12/23/2014,46.549999,46.939999,46.485001,46.939999,463786
12/24/2014,46.799999,46.904999,46.529999,46.904999,103828
12/29/2014,46.5,46.880001,46.014999,46.77,532393
12/30/2014,46.5,46.900002,46.360001,46.509998,419899
12/31/2014,46.02,46.59,46,46.494999,118328
1/2/2015,46.75,47.445,46.470001,46.990002,651407
1/5/2015,46.380001,47.029999,45.514999,45.599998,1147159
1/6/2015,45.529999,46.119999,45.080002,45.080002,978807
1/7/2015,45.494999,45.66,44.110001,44.305,1449004
1/8/2015,45.375,45.459999,44.59,45.220001,1191696
1/9/2015,45.009998,45.68,43.990002,44.465,1218361
1/12/2015,44.759998,45.349998,44.235001,44.799999,978704
1/13/2015,44.564999,46.474998,44.5,45.924999,1129233
1/14/2015,45.415001,46.185001,45.02,45.57,906016
1/15/2015,46,46.424999,44,45.32,2021081
1/16/2015,45.064999,46.25,45.064999,46.235001,1370467
1/19/2015,46.27,47.080002,45.945,46.959999,920648
1/20/2015,47.055,47.889999,47.009998,47.759998,1178261
1/21/2015,47.77,48.529999,47.174999,48.355,1394242
1/22/2015,48.5,49.560001,47.965,49.18,1417406
1/23/2015,49.615002,49.985001,47.955002,48.404999,1754217
1/26/2015,48,49.25,47.830002,49.25,1104786
1/27/2015,49.080002,49.25,47.974998,48.625,1039075
1/28/2015,48.869999,48.994999,47.52,47.740002,1083758
1/29/2015,47.494999,48.09,47.09,47.985001,858107
1/30/2015,48.095001,48.380001,47.540001,47.715,815919
2/2/2015,47.849998,47.990002,47.255001,47.990002,1246844
2/3/2015,47.959999,48.735001,47.755001,47.900002,1376426
2/4/2015,47.880001,48.84,47.349998,48.715,1378151
2/5/2015,48.084999,48.830002,47.785,48.325001,654888
2/6/2015,48.169998,49.185001,48.035,49.035,781654
2/9/2015,48.560001,48.794998,48.005001,48.384998,767655
2/10/2015,48.384998,49.189999,48.294998,48.855,801026
2/11/2015,48.755001,49.639999,48.700001,49.509998,1023670
2/12/2015,50.400002,51,50.029999,50.490002,1612775
2/13/2015,50.490002,51.669998,50.400002,51.450001,1292151
2/16/2015,51.299999,51.959999,51.189999,51.68,642561
2/17/2015,51.380001,51.990002,51.27,51.990002,839654
2/18/2015,52.200001,53.299999,52.139999,53.119999,876948
2/19/2015,53.040001,53.59,52.400002,53.349998,761587
2/20/2015,53.349998,53.59,52.990002,53.540001,903390
2/23/2015,54.310001,54.93,53.970001,54.459999,888248
2/24/2015,54.509998,54.580002,53.689999,54.5,815166
2/25/2015,54.400002,54.849998,54.029999,54.25,758998
2/26/2015,54.150002,54.939999,54.139999,54.639999,654708
2/27/2015,54.380001,54.709999,53.919998,54.220001,969762
3/2/2015,54.119999,54.970001,54.119999,54.91,619799
3/3/2015,54.91,54.970001,53.830002,53.860001,809129
3/4/2015,53.959999,54.799999,53.93,54.799999,829320
3/5/2015,54.900002,55.09,54.540001,55.060001,665768
3/6/2015,55.029999,55.450001,54.779999,55,650800
3/9/2015,54.77,55.59,54.740002,55.349998,645205
3/10/2015,55.150002,56.099998,55.119999,55.509998,789482
3/11/2015,55.560001,56.290001,55.52,56.240002,597485
3/12/2015,56.32,56.66,56.110001,56.490002,734188
3/13/2015,56.639999,57.150002,56.41,57.139999,716553
3/16/2015,57.18,58.290001,57.18,58.25,842387
3/17/2015,58.34,58.439999,56.52,57.240002,972371
3/18/2015,57.220001,57.310001,55.650002,56.110001,1338932
3/19/2015,56.040001,57.080002,55.950001,56.950001,866030
3/20/2015,57.049999,57.93,56.91,57.77,725779
3/23/2015,57.68,57.860001,56.950001,57.439999,533656
3/24/2015,57.380001,57.98,57.02,57.810001,918150
3/25/2015,57.810001,58.470001,57.759998,57.939999,765062
3/26/2015,57.25,57.400002,56.349998,57.02,843643
3/27/2015,56.889999,57.57,56.75,57.07,772929
3/30/2015,57.220001,58.150002,57.16,57.990002,646712
3/31/2015,57.919998,58.099998,56.84,57.560001,991474
4/1/2015,57.419998,58.759998,57.34,58.290001,893674
4/2/2015,58.200001,58.709999,57.93,58.709999,977429
4/7/2015,58.880001,58.880001,58.43,58.77,542237
4/8/2015,58.689999,58.77,58.290001,58.470001,501166
4/9/2015,58.599998,58.919998,58.23,58.759998,732119
4/10/2015,58.869999,59.349998,58.700001,59.349998,751418
4/13/2015,59.330002,59.66,59.119999,59.529999,448775
4/14/2015,59.560001,59.889999,58.650002,59.150002,634257
4/15/2015,59.369999,60.080002,59.009998,60,735529
4/16/2015,59.900002,59.900002,58.799999,59.07,848732
4/17/2015,58.900002,59,56.779999,57.02,1343923
4/20/2015,57.02,58,57,57.990002,629362
4/21/2015,58.419998,58.75,56.889999,57.540001,852863
4/22/2015,57.669998,58.23,56.98,57.919998,698018
4/23/2015,58.049999,58.049999,56.98,57.759998,688508
4/24/2015,57.990002,58.650002,57.900002,58.540001,782615
4/27/2015,58.849998,59.279999,57.75,59.259998,716081
4/28/2015,59.209999,59.919998,58.939999,59.919998,1051712
4/29/2015,59.939999,59.98,59.599998,59.630001,1260188
4/30/2015,59.5,59.830002,58.599998,58.880001,979584
5/4/2015,58.950001,59.299999,58.389999,58.860001,720677
5/5/2015,58.810001,59.029999,57.240002,57.310001,1098766
5/6/2015,57.169998,58,57.049999,57.650002,941633
5/7/2015,57.400002,57.66,55.330002,57.459999,1374133
5/8/2015,58.169998,58.830002,57.82,58.759998,851955
5/11/2015,58.07,58.330002,56.52,58.25,1112471
5/12/2015,59,59.869999,58.549999,58.82,1644279
5/13/2015,59.049999,60.799999,58.799999,60.459999,1662786
5/14/2015,60.23,61.009998,59.919998,60.810001,895663
5/15/2015,61.110001,61.610001,60.34,60.580002,1049469
5/18/2015,60.66,61.240002,60.07,60.889999,686734
5/19/2015,60.959999,62,60.939999,61.900002,877374
5/20/2015,61.889999,62.419998,61.73,62.360001,567800
5/21/2015,62.349998,62.48,62.009998,62.09,665095
5/22/2015,62.099998,62.450001,61.830002,61.880001,536838
5/25/2015,61.599998,61.619999,60.939999,61.529999,192301
5/26/2015,61.389999,61.700001,60.509998,60.73,811906
5/27/2015,60.939999,61.900002,60.360001,61.77,901828
5/28/2015,61.540001,62.040001,61.16,61.700001,617026
5/29/2015,61.59,61.639999,60.889999,61.049999,917818
6/1/2015,61,61.060001,60.259998,60.389999,881544
6/2/2015,60.599998,61.09,60.23,60.59,1041048
6/3/2015,60.700001,60.970001,60.119999,60.549999,1043045
6/4/2015,60.099998,60.700001,59.759998,60.220001,898372
6/5/2015,59.900002,60.049999,58.650002,59.080002,789060
6/8/2015,59.049999,59.290001,58.189999,58.189999,568207
6/9/2015,58,58.389999,57.27,58.139999,973417
6/10/2015,57.950001,59.16,57.849998,59.009998,1045986
6/11/2015,59.169998,59.990002,59.099998,59.91,904774
6/12/2015,59.82,60.209999,59.169998,59.959999,992931
6/15/2015,59.040001,59.290001,58.060001,58.189999,858885
6/16/2015,57.799999,58.880001,57.139999,58.610001,857610
6/17/2015,58.66,59.18,57.720001,57.810001,851054
6/18/2015,57.599998,58.34,56.91,58.310001,1086263
6/19/2015,58.299999,59.220001,58,58.57,892342
6/22/2015,59.709999,61.029999,59.5,60.900002,1110775
6/23/2015,61.459999,61.990002,61.16,61.630001,709671
6/24/2015,61.630001,61.779999,60.810001,61.509998,850925
6/25/2015,61.16,62.049999,60.91,61.959999,896181
6/26/2015,61.610001,62.470001,61.080002,62.130001,693623
6/29/2015,58,60.919998,57.849998,60.299999,1367199
6/30/2015,60,60.869999,59.459999,59.939999,1054623
7/1/2015,60.5,61.490002,59.900002,60.970001,852758
7/2/2015,60.98,61.48,60.02,60.299999,682778
7/3/2015,60.200001,60.52,59.540001,59.880001,484235
7/6/2015,58.540001,58.560001,57.509998,57.93,961335
7/7/2015,58.18,58.470001,56.709999,56.740002,925131
7/8/2015,56.779999,57.610001,56.349998,57.279999,1092121
7/9/2015,57.450001,59.560001,57.400002,59.450001,714958
7/10/2015,60.849998,61.369999,60.68,61.130001,690135
7/13/2015,61.490002,63,61.48,62.82,889953
7/14/2015,62.700001,63.150002,62.259998,63.150002,655022
7/15/2015,62.990002,64.120003,62.98,64.110001,710070
7/16/2015,64.470001,65.43,64.470001,64.830002,751338
7/17/2015,65,65.029999,64.470001,64.699997,569139
7/20/2015,64.800003,65.199997,64.779999,64.900002,383205
7/21/2015,64.980003,65.080002,63.939999,64.110001,372756
7/22/2015,63.869999,64.989998,63.689999,64.449997,511546
7/23/2015,65,65.089996,63.630001,63.860001,553029
7/24/2015,63.599998,63.970001,63.41,63.540001,484437
7/27/2015,63.25,63.25,62.099998,62.380001,615579
7/28/2015,62.279999,63.299999,62.110001,63.009998,1089031
7/29/2015,63.450001,63.5,62,62.139999,856186
7/30/2015,62.490002,62.66,61.790001,62.18,795180
7/31/2015,62.540001,63.529999,62.439999,63.459999,669383
8/3/2015,63.5,64.309998,63.439999,64.139999,566654
8/4/2015,64.099998,64.209999,62.950001,63.740002,619646
8/5/2015,64,64.699997,63.299999,63.439999,990093
8/6/2015,65.5,66,64.669998,65.339996,1181433
8/7/2015,65.330002,65.389999,63.799999,63.799999,753394
8/10/2015,64.349998,64.419998,63.189999,63.490002,683376
8/11/2015,63.439999,64.169998,63.439999,63.77,723988
8/12/2015,63.349998,63.389999,60.66,60.880001,869026
8/13/2015,62.029999,62.529999,61.380001,61.470001,663527
8/14/2015,61.639999,62.450001,60.98,61.18,548018
8/17/2015,61.52,62.099998,60.779999,61.209999,473575
8/18/2015,60.970001,61.919998,60.970001,61.439999,624188
8/19/2015,61.200001,61.490002,60.830002,60.84,491600
8/20/2015,60.549999,60.860001,58.810001,59,705624
8/21/2015,58.23,58.970001,56.939999,56.98,889795
8/24/2015,55.09,55.279999,52.349998,54.380001,2320097
8/25/2015,55.009998,58.27,54.849998,57.959999,1597991
8/26/2015,57.709999,58.119999,56.200001,56.849998,1676662
8/27/2015,58.41,59.380001,58.119999,59.110001,1250144
8/28/2015,59.34,59.75,58.259998,59.009998,685552
8/31/2015,58.720001,59.209999,58.139999,59.169998,467906
9/1/2015,58.990002,58.990002,57.240002,58.139999,794901
9/2/2015,58.290001,59.040001,57.529999,58.310001,551395
9/3/2015,59.040001,59.119999,58.139999,58.419998,1109151
9/4/2015,57.970001,57.970001,56.82,57.220001,918818
9/7/2015,57.580002,58,57.09,57.48,377862
9/8/2015,57.810001,58.68,57.720001,58.189999,704322
9/9/2015,59.450001,59.759998,58.950001,59.150002,479641
9/10/2015,58.669998,59.509998,58.400002,59.150002,614505
9/11/2015,59.25,59.459999,58.599998,58.93,601664
9/14/2015,59,59.549999,57.830002,58.23,633738
9/15/2015,58.150002,59.57,58.130001,59.259998,564680
9/16/2015,59.610001,59.889999,58.799999,58.93,843020
9/17/2015,59,59.099998,58.52,58.549999,894146
9/18/2015,58.540001,58.889999,56.75,57.349998,1076716
9/21/2015,57.32,58.139999,56.990002,57.689999,561128
9/22/2015,57.700001,57.950001,56.009998,56.189999,737917
9/23/2015,56.07,56.360001,55.560001,55.799999,846091
9/24/2015,55.970001,56.139999,54.84,55.25,964673
9/25/2015,56.169998,57.27,55.830002,57,914330
9/28/2015,56.830002,57.23,55.900002,56.310001,816843
9/29/2015,55.709999,56.529999,55.330002,55.380001,721739
9/30/2015,56.360001,57,56.049999,56.369999,650149
10/1/2015,57.18,57.450001,56.119999,56.389999,523663
10/2/2015,56.91,57.529999,55.400002,56.259998,752872
10/5/2015,57.209999,57.43,56.639999,57.330002,736164
10/6/2015,57.48,58.439999,57.150002,58.110001,632679
10/7/2015,58.32,58.970001,57.610001,57.740002,1098154
10/8/2015,57.650002,57.720001,56.200001,56.380001,875172
10/9/2015,56.790001,56.869999,55.02,55.369999,1080594
10/12/2015,55.610001,55.790001,53.959999,54.389999,1055408
10/13/2015,54.389999,54.73,53.18,54.599998,1055666
10/14/2015,54.360001,55.119999,53.830002,54.459999,684604
10/15/2015,54.91,54.91,54.34,54.450001,824142
10/16/2015,54.82,55.619999,54.610001,55.459999,605608
10/19/2015,55.5,56.029999,55.5,55.700001,634824
10/20/2015,55.599998,56.150002,55.209999,55.279999,595685
10/21/2015,55.360001,55.540001,54.57,54.779999,614156
10/22/2015,54.5,54.5,52.900002,53.220001,1528026
10/23/2015,53.5,53.509998,51.41,52.630001,2277466
10/26/2015,52.630001,53.529999,52.369999,53.529999,991797
10/27/2015,53.48,55.720001,53.130001,54.860001,1329545
10/28/2015,55.09,55.990002,54.610001,55.990002,1112940
10/29/2015,56.060001,56.16,54.849998,55.110001,854500
10/30/2015,55.150002,56.049999,54.900002,55.400002,945027
11/2/2015,55,56.360001,54.84,55.900002,831936
11/3/2015,55.830002,55.830002,54.380001,54.77,933594
11/4/2015,55.060001,55.41,54.330002,54.389999,704166
11/5/2015,54.68,54.68,53,53.330002,1360714
11/6/2015,53.439999,56.200001,53.34,56.07,1103073
11/9/2015,56.279999,56.470001,55.459999,55.529999,795676
11/10/2015,55.599998,56.139999,55.380001,55.84,577844
11/11/2015,55.759998,56.509998,55.459999,56,454934
11/12/2015,56.009998,56.240002,54.790001,55.049999,544622
11/13/2015,54.830002,55.299999,54.080002,54.720001,596053
11/16/2015,55.150002,57.099998,54.599998,56.380001,1157602
11/17/2015,56.57,56.709999,54.619999,54.849998,1319596
11/18/2015,54.439999,54.959999,53.939999,54.490002,896942
11/19/2015,54.700001,55.580002,54.610001,54.91,850086
11/20/2015,55.110001,55.169998,54.040001,54.23,836770
11/23/2015,54.169998,54.529999,53.610001,53.610001,723092
11/24/2015,53.5,54.310001,52.919998,54.220001,1008223
11/25/2015,54.299999,55.009998,53.860001,54.080002,798017
11/26/2015,54.099998,55.25,53.799999,55.09,786576
11/27/2015,55.650002,57.810001,55.599998,56.5,1134815
11/30/2015,56.59,57.099998,56.290001,56.5,930167
12/1/2015,56.799999,56.860001,56.32,56.52,711551
12/2/2015,56.5,57.07,55.810001,56.060001,574157
12/3/2015,56.110001,57.099998,55.540001,56.299999,1300594
12/4/2015,56.279999,57.07,56,56.869999,758143
12/7/2015,57.099998,57.459999,56.400002,56.580002,569089
12/8/2015,56.52,56.580002,54.41,55.41,980801
12/9/2015,55.349998,55.549999,54.400002,54.709999,625465
12/10/2015,54.540001,54.759998,53.82,54.049999,686507
12/11/2015,55.049999,55.07,53.810001,54.470001,1197256
12/14/2015,54.77,54.950001,53.540001,53.689999,543799
12/15/2015,54.09,56,54.060001,55.700001,822195
12/16/2015,55.75,56.040001,54.860001,56,602838
12/17/2015,56.75,58.18,56.669998,57.560001,1008275
12/18/2015,57.119999,57.880001,57.040001,57.599998,864027
12/21/2015,57.220001,57.669998,56.779999,56.779999,385137
12/22/2015,57,57.290001,56.509998,56.639999,606294
12/23/2015,56.959999,57.619999,56.810001,57.41,404600
12/24/2015,57.560001,57.650002,57,57.650002,62644
12/28/2015,57.59,57.700001,57.09,57.279999,215105
12/29/2015,57.419998,58.669998,57.419998,58.580002,480690
12/30/2015,58.389999,58.459999,57.700001,58.139999,315280
1/4/2016,57.220001,57.439999,56.619999,57.220001,687286
1/5/2016,57.599998,57.98,56.91,57.389999,443412
1/6/2016,57.439999,57.580002,55.880001,56.950001,1044626
1/7/2016,55.82,56.310001,54.939999,55.540001,833361
1/8/2016,55.650002,56.32,54.060001,54.060001,694431
1/11/2016,54.049999,54.82,53.810001,54.02,510686
1/12/2016,54.029999,54.990002,53.91,54.509998,831670
1/13/2016,55,55.34,54.02,54.34,593184
1/14/2016,54,54.200001,52.509998,53.610001,781898
1/15/2016,53.720001,53.790001,51.25,51.830002,978694
1/18/2016,51.25,51.459999,49.834999,50.880001,1045118
1/19/2016,51.669998,52.040001,50.959999,51.139999,537067
1/20/2016,50.5,50.720001,49.415001,50,1051652
1/21/2016,49.759998,52.790001,49.5,52.099998,1427811
1/22/2016,53.189999,53.48,52.130001,53.029999,857038
1/25/2016,53.400002,53.400002,51.09,51.5,781316
1/26/2016,50.779999,52.810001,50.52,52.740002,892655
1/27/2016,52.619999,52.869999,50.919998,51.240002,1019754
1/28/2016,51.299999,51.650002,49.860001,50.009998,1118614
1/29/2016,50.630001,52.919998,50.139999,52.790001,1285955
2/1/2016,53,53,51.720001,52.209999,682356
2/2/2016,52.049999,52.139999,50.41,50.900002,1042954
2/3/2016,50.82,50.93,48.400002,48.904999,1030188
2/4/2016,49.384998,50.32,48.965,49.830002,1053511
2/5/2016,49.990002,50.799999,48.91,48.950001,1083251
2/8/2016,49.599998,49.665001,46.264999,46.490002,1494537
2/9/2016,46.34,47.349998,44.145,45.205002,1561187
2/10/2016,45.57,47.794998,44.814999,47.264999,1541366
2/11/2016,46.924999,46.924999,44.825001,45.044998,1549107
2/12/2016,45.259998,46.535,45.154999,46.535,1265681
2/15/2016,47.924999,48.970001,47.73,48.450001,1044667
2/16/2016,49.005001,49.174999,47.485001,48.349998,898832
2/17/2016,48.514999,50.25,48.005001,49.700001,1369184
2/18/2016,49.700001,49.794998,44.724998,45.715,3160059
2/19/2016,46.5,47.150002,45.544998,46.130001,1992810
2/22/2016,47.5,47.790001,46.755001,47.23,1159792
2/23/2016,46.849998,48.009998,46.345001,46.564999,1138041
2/24/2016,46.564999,46.654999,45.445,46,1540828
2/25/2016,46.599998,47.685001,46.525002,47.439999,939420
2/26/2016,47.689999,49.169998,47.505001,48.595001,1252976
2/29/2016,48.485001,49.044998,47.674999,48.900002,1010626
3/1/2016,48.654999,50.34,48.404999,50.200001,1077784
3/2/2016,50.5,51.560001,50.41,51.560001,1235827
3/3/2016,51.73,51.93,50.689999,50.900002,1026039
3/4/2016,50.950001,51.610001,50.459999,50.75,752814
3/7/2016,50.84,50.860001,48.23,48.82,1154141
3/8/2016,47.924999,48.525002,46.970001,48.240002,1488860
3/9/2016,48.130001,49.439999,48.099998,48.59,847285
3/10/2016,48.584999,51.98,47.875,48.485001,2051028
3/11/2016,49.445,50.279999,49.25,50.02,1943719
3/14/2016,50.209999,50.869999,49.369999,49.525002,1107849
3/15/2016,49.285,49.435001,48.560001,48.77,890410
3/16/2016,48.764999,49.044998,47.139999,47.880001,1306481
3/17/2016,48.119999,48.209999,45.415001,46.220001,2104846
3/18/2016,46.27,47.029999,45.919998,46.759998,1787745
3/21/2016,46.630001,48.014999,46.18,46.720001,873653
3/22/2016,46.384998,46.799999,45.599998,46.700001,860998
3/23/2016,46.935001,47.59,46.365002,46.799999,1075867
3/24/2016,46.41,46.744999,45.669998,45.939999,746137
3/29/2016,46.224998,46.689999,45.59,46.035,532881
3/30/2016,46.119999,46.465,45.865002,46.310001,841891
3/31/2016,46.084999,46.330002,45.119999,45.334999,865625
4/1/2016,44.93,46.18,44.505001,45.965,1229448
4/4/2016,45.965,46.965,45.639999,46.314999,841345
4/5/2016,45.825001,46.075001,45.404999,45.615002,1142658
4/6/2016,45.880001,46.43,45.439999,46.285,832249
4/7/2016,46.259998,46.334999,45.240002,45.494999,949508
4/8/2016,45.630001,46.695,45.630001,46.404999,699877
4/11/2016,46.490002,47.555,46.049999,47.139999,1177607
4/12/2016,47.365002,47.895,46.305,46.700001,999278
4/13/2016,47.455002,48.66,47.110001,48.445,1022270
4/14/2016,48.575001,48.865002,47.904999,48.639999,784277
4/15/2016,48.610001,48.775002,47.775002,48.044998,738887
4/18/2016,47.57,48.205002,47.384998,48.025002,504332
4/19/2016,48.174999,48.560001,47.389999,47.389999,850616
4/20/2016,47.264999,47.450001,46.57,47.259998,1132679
4/21/2016,47.325001,48.34,46.970001,48.040001,1205916
4/22/2016,48.049999,50.110001,47.965,49.830002,1460795
4/25/2016,49.915001,50.130001,48.560001,48.665001,881938
4/26/2016,48.919998,49.509998,48.52,49.5,891627
4/27/2016,49.584999,50,49.275002,49.560001,696023
4/28/2016,49.5,49.919998,49.099998,49.849998,919730
4/29/2016,49.52,49.645,48.695,49.029999,1122536
5/2/2016,49.165001,49.255001,48.334999,48.634998,448112
5/3/2016,48.514999,48.904999,47.099998,47.244999,1014464
5/4/2016,47.349998,47.375,46.52,46.540001,1248676
5/5/2016,46.595001,46.75,45.75,45.875,995434
5/6/2016,45.845001,46.485001,45.41,46.055,646340
5/9/2016,46.514999,46.939999,45.764999,45.810001,726353
5/10/2016,46.215,46.744999,45.799999,46.349998,838424
5/11/2016,46.185001,46.325001,45.299999,45.654999,988631
5/12/2016,46.599998,49.665001,46.435001,47.735001,2427408
5/13/2016,47.505001,48.875,47.365002,48.68,1003267
5/16/2016,48.369999,49.580002,48.049999,49.185001,716712
5/17/2016,49.485001,49.75,48.115002,48.439999,873879
5/18/2016,48.084999,48.439999,47.759998,48.314999,1136205
5/19/2016,49.279999,50.389999,48.775002,49.110001,1467821
5/20/2016,49.685001,50.18,49.395,50,1084848
5/23/2016,49.900002,50.540001,49.639999,50,710998
5/24/2016,50.91,52.740002,50.599998,52.5,1439670
5/25/2016,52.900002,53.200001,52.330002,52.889999,1273886
5/26/2016,52.889999,53.68,52.400002,53.549999,1171396
5/27/2016,53.549999,53.880001,53.369999,53.580002,881496
5/30/2016,53.740002,53.860001,53.220001,53.490002,284396
5/31/2016,53.560001,53.869999,52.900002,53.209999,965989
6/1/2016,53.259998,53.48,52.639999,53.07,701545
6/2/2016,52.98,53.830002,52.880001,53.02,1017790
6/3/2016,53,53.759998,52.259998,52.619999,1078988
6/6/2016,52.439999,52.869999,52.049999,52.41,543682
6/7/2016,52.709999,53.57,52.5,53.57,917932
6/8/2016,53.52,53.639999,52.860001,53.25,887962
6/9/2016,52.93,53.57,52.810001,53.200001,729305
6/10/2016,53.09,53.200001,51.889999,52.029999,853075
6/13/2016,51.360001,51.5,50.060001,50.07,897179
6/14/2016,49.619999,50.23,48.805,48.805,1232751
6/15/2016,49.040001,49.52,48.275002,48.525002,1411465
6/16/2016,48,48.075001,46.799999,47.330002,1346827
6/17/2016,48,49.799999,47.974998,49.5,1602255
6/20/2016,50.82,51.34,50.360001,50.880001,1097498
6/21/2016,50.93,51.389999,50.509998,50.959999,852526
6/22/2016,51.25,51.880001,50.91,51.419998,827120
6/23/2016,51.490002,53.110001,51.450001,52.599998,740610
6/24/2016,44.700001,48.040001,42.200001,45.299999,3768869
6/27/2016,45.599998,45.605,39.959999,40.240002,3643153
6/28/2016,41.43,43.215,41.264999,43.014999,2304127
6/29/2016,45.400002,45.48,43.465,43.865002,2214854
6/30/2016,43.915001,44.205002,43.099998,43.919998,1752109
7/1/2016,44.380001,44.560001,42.915001,43.5,1048701
7/4/2016,43.555,43.555,41.924999,42.23,1255343
7/5/2016,41.84,42.360001,41.299999,41.5,1205776
7/6/2016,40.5,41.465,39.349998,40.009998,2315436
7/7/2016,40.125,40.939999,39.82,39.82,1421498
7/8/2016,39.799999,41.924999,39.41,41.884998,1287552
7/11/2016,42.43,42.689999,41.115002,42.450001,1178413
7/12/2016,42.5,44.005001,42.220001,44.005001,1501451
7/13/2016,43.695,44,42.654999,43.165001,1470589
7/14/2016,43.700001,45.459999,43.575001,45.23,1430986
7/15/2016,44.945,45.755001,44.634998,44.945,1519140
7/18/2016,45.095001,45.665001,44.240002,44.855,919559
7/19/2016,44.654999,45.52,43.904999,45.060001,1027934
7/20/2016,45.25,45.860001,44.895,45.470001,968452
7/21/2016,45.544998,45.68,44.584999,45.150002,1332379
7/22/2016,45.07,45.404999,44.830002,45.27,756214
7/25/2016,45.299999,45.619999,44.75,44.860001,454949
7/26/2016,44.82,45.674999,44.055,45.485001,933324
7/27/2016,45.650002,46.66,45.535,46.209999,874088
7/28/2016,46.285,46.639999,45.09,45.455002,800265
7/29/2016,45.560001,46.775002,45.535,46.485001,911712
8/1/2016,48,48,45.705002,46.125,1020631
8/2/2016,45.779999,45.825001,44.084999,44.150002,1272215
8/3/2016,44.419998,46.380001,44.365002,45.439999,1296819
8/4/2016,45.490002,46.880001,45.48,46.195,962519
8/5/2016,46.685001,47.130001,46.080002,47.014999,823730
8/8/2016,47.125,48.150002,46.939999,47.195,716650
8/9/2016,46.904999,47.915001,46.875,47.810001,927448
8/10/2016,47.514999,48.389999,47.514999,48.200001,772077
8/11/2016,49.799999,51.189999,49.599998,50.720001,1686707
8/12/2016,51.09,51.669998,50.889999,50.959999,728437
8/15/2016,51.189999,51.310001,50.48,50.619999,488669
8/16/2016,50.5,50.77,49.709999,50.040001,738528
8/17/2016,50.099998,50.16,49.400002,49.645,692819
8/18/2016,49.709999,50.040001,49.419998,49.915001,772050
8/19/2016,49.735001,49.950001,49.375,49.865002,633644
8/22/2016,49.900002,50.990002,49.705002,50.700001,870668
8/23/2016,51,51.619999,50.580002,51.619999,723848
8/24/2016,51.5,53.09,51.349998,52.880001,1201635
8/25/2016,52.490002,52.959999,52.32,52.369999,650107
8/26/2016,52.34,52.669998,52.110001,52.389999,509917
8/29/2016,52.169998,52.82,52.049999,52.099998,296477
8/30/2016,52.650002,52.98,52.389999,52.73,882334
8/31/2016,52.720001,53.580002,52.720001,53.07,1078588
9/1/2016,53.310001,54.650002,53.07,53.5,1126201
9/2/2016,53.779999,54.599998,53.130001,54.599998,858198
9/5/2016,54.689999,54.689999,53.959999,54.549999,531961
9/6/2016,54.709999,54.869999,53.669998,53.869999,705173
9/7/2016,54.119999,54.41,53.66,54.049999,739466
9/8/2016,53.959999,54.27,53.240002,54.07,1154415
9/9/2016,54.169998,54.599998,53.650002,53.970001,1089099
9/12/2016,53.110001,53.490002,52.310001,53.48,1185922
9/13/2016,53.810001,53.849998,52.349998,52.349998,726424
9/14/2016,52.599998,52.970001,51.98,52.200001,984786
9/15/2016,51.98,52.93,51.619999,52.790001,802983
9/16/2016,52.400002,52.560001,52.02,52.189999,1027669
9/19/2016,52.720001,53.290001,52.419998,52.59,598618
9/20/2016,52.549999,52.93,52.32,52.540001,383722
9/21/2016,53.540001,54.720001,53.529999,54.220001,1142307
9/22/2016,54.450001,55.060001,54.049999,54.529999,845681
9/23/2016,54.16,54.360001,53.200001,53.400002,546761
9/26/2016,53.080002,53.240002,51.66,52.459999,616119
9/27/2016,52.650002,52.790001,50.970001,51.48,1254508
9/28/2016,51.630001,52.029999,51.400002,51.900002,948363
9/29/2016,52.380001,52.639999,51.02,51.189999,636988
9/30/2016,49.654999,51.98,49.014999,51.82,1311525
10/3/2016,51.849998,52.150002,51.060001,51.560001,497647
10/4/2016,51.619999,52.150002,51.52,51.639999,696146
10/5/2016,51.470001,54.07,51.419998,53.990002,1151364
10/6/2016,54.119999,55.27,54.119999,54.560001,1095561
10/7/2016,54.68,54.880001,54.029999,54.490002,847289
10/10/2016,54.09,54.09,53.029999,53.970001,1011126
10/11/2016,53.599998,53.860001,52.68,52.970001,900709
10/12/2016,53.09,53.189999,52.43,52.700001,577880
10/13/2016,52.389999,52.400002,51.419998,51.959999,633854
10/14/2016,52.139999,53.049999,52.060001,52.400002,604563
10/17/2016,52.27,53.049999,52.150002,52.880001,610032
10/18/2016,53.25,54.080002,53.130001,53.790001,614994
10/19/2016,53.889999,54.18,52.939999,53.060001,886260
10/20/2016,53.299999,53.52,52.93,53.48,844249
10/21/2016,53.349998,53.419998,51.959999,52.240002,1216720
10/24/2016,52.75,54.32,52.720001,53.700001,1066604
10/25/2016,53.82,53.900002,52.849998,53.709999,794500
10/26/2016,53.860001,54.110001,53.27,53.950001,807279
10/27/2016,54,55.369999,54,55.310001,1167935
10/28/2016,55.759998,55.98,54.669998,55.48,804929
10/31/2016,54.849998,55.68,54.799999,55.509998,858563
11/1/2016,55.619999,55.75,54.790001,55.040001,721301
11/2/2016,54.189999,54.560001,53.709999,54.169998,918012
11/3/2016,54.200001,55.560001,54.18,55.279999,779111
11/4/2016,54.91,54.919998,54.16,54.549999,735629
11/7/2016,55.23,55.490002,55.049999,55.130001,733886
11/8/2016,55.099998,55.869999,54.759998,55.779999,680867
11/9/2016,53.889999,58.669998,53.220001,58.419998,2294307
11/10/2016,58.810001,60.580002,58.459999,58.880001,1683421
11/11/2016,59.450001,59.900002,57.669998,58.369999,920064
11/14/2016,58.849998,59.400002,57.869999,58.380001,918160
11/15/2016,58.279999,58.799999,56.619999,56.900002,1328403
11/16/2016,56.68,56.990002,55.110001,55.150002,1394003
11/17/2016,55.299999,55.959999,53.75,55.959999,1338284
11/18/2016,56.130001,56.779999,55.509998,55.959999,1131523
11/21/2016,56.169998,56.470001,55.299999,56.220001,836393
11/22/2016,56.77,57.639999,56.349998,57.200001,861458
11/23/2016,57.450001,57.57,56.560001,57.139999,692725
11/24/2016,57.09,57.650002,56.830002,56.939999,406889
11/25/2016,57,57,56.060001,56.669998,499820
11/28/2016,56.400002,56.419998,55.400002,55.830002,524163
11/29/2016,55.650002,56.5,55.310001,55.919998,663983
11/30/2016,55.990002,56.900002,55.959999,56.580002,1082635
12/1/2016,56.529999,57.799999,56.25,57.790001,880758
12/2/2016,57.599998,57.68,56.630001,57.040001,941156
12/5/2016,56.34,58.119999,55.990002,57.849998,932235
12/6/2016,57.549999,60.220001,57.549999,60,1102529
12/7/2016,60.5,61.389999,58.25,58.93,1766177
12/8/2016,59.290001,61.450001,58.779999,61.279999,1550656
12/9/2016,60.990002,60.990002,59.310001,59.310001,1134696
12/12/2016,59.259998,60.189999,59.16,59.540001,767548
12/13/2016,59.5,60.099998,58.900002,59.959999,859280
12/14/2016,59.740002,60.099998,59.389999,59.709999,1220610
12/15/2016,60.029999,61.330002,60.029999,61.02,1304496
12/16/2016,60.91,61.169998,60.580002,60.900002,983651
12/19/2016,60.900002,60.900002,59.189999,59.529999,673977
12/20/2016,59.560001,60.459999,59.400002,59.900002,615633
12/21/2016,59.799999,60.029999,59.279999,59.93,507892
12/22/2016,59.919998,60.400002,59.459999,59.700001,460326
12/23/2016,59.959999,60.369999,59.360001,59.529999,326282
12/27/2016,59.59,60.110001,59.200001,59.580002,206922
12/28/2016,59.59,59.639999,58.950001,59.369999,366744
12/29/2016,59.130001,59.450001,58.810001,58.889999,306623
12/30/2016,58.900002,59.200001,58.580002,58.830002,304860
1/2/2017,58.720001,60.049999,58.580002,59.900002,276176
1/3/2017,60.110001,62.299999,59.830002,61.619999,949034
1/4/2017,61.799999,62.259998,61.009998,61.48,469290
1/5/2017,61.43,61.889999,60.529999,60.880001,529128
1/6/2017,60.77,61.470001,60.720001,61.040001,464924
1/9/2017,61.049999,61.09,59.400002,59.889999,786121
1/10/2017,60.040001,60.830002,59.48,60.5,731726
1/11/2017,60.25,60.52,59.549999,60.07,513992
1/12/2017,59.900002,60.110001,58.720001,58.98,633389
1/13/2017,59.5,60.5,59.299999,60.330002,560207
1/16/2017,59.98,60.27,59.299999,59.529999,545661
1/17/2017,59.619999,59.990002,58.799999,59.290001,604678
1/18/2017,59.470001,59.48,58.310001,58.849998,557064
1/19/2017,59.16,59.689999,58.860001,59.23,673166
1/20/2017,59.900002,60.299999,59.119999,59.709999,634918
1/23/2017,59.240002,59.419998,58.220001,58.689999,548711
1/24/2017,59,59.439999,58.880001,59.110001,557874
1/25/2017,59.599998,61.080002,59.529999,60.77,818097
1/26/2017,60.950001,62.209999,60.860001,61.25,1038003
1/27/2017,61.25,61.689999,61.18,61.32,696975
1/30/2017,61.07,61.580002,60.18,60.509998,539882
1/31/2017,60.400002,61.709999,60.02,60.02,752635
2/1/2017,60.52,60.959999,60.43,60.799999,723060
2/2/2017,60.720001,61.259998,60.060001,60.259998,765386
2/3/2017,60.419998,61.419998,60.32,60.529999,639153
2/6/2017,60.720001,61.400002,60.119999,60.119999,549932
2/7/2017,60,60.130001,59.599998,59.740002,670903
2/8/2017,60.099998,60.549999,58.360001,59.07,1022857
2/9/2017,59.200001,59.619999,58.310001,58.919998,998397
2/10/2017,59.369999,59.75,57.869999,58.07,1575956
2/13/2017,58.41,58.599998,57.849998,58.389999,923530
2/14/2017,58.400002,58.959999,57.860001,58.75,810328
2/15/2017,59.169998,59.950001,58.959999,59.259998,797965
2/16/2017,59.349998,59.400002,58.459999,58.5,755658
2/17/2017,58.720001,58.759998,57.84,58.240002,986429
2/20/2017,58.580002,58.950001,58.310001,58.48,433170
2/21/2017,58.400002,58.950001,57.900002,58.369999,592407
2/22/2017,58.490002,58.959999,57.709999,58.299999,815416
2/23/2017,58.220001,58.57,57.799999,57.880001,633599
2/24/2017,57.889999,58.16,56.220001,57.02,907781
2/27/2017,57.130001,57.919998,56.900002,57.509998,751409
2/28/2017,57.669998,57.990002,57.029999,57.740002,791365
3/1/2017,58.459999,59.59,58.220001,59.470001,958899
3/2/2017,59.380001,59.82,58.950001,59.380001,635916
3/3/2017,59.41,61.049999,58.490002,60.459999,1053100
3/6/2017,60.060001,60.59,59.669998,59.900002,782293
3/7/2017,59.959999,60.16,59.400002,60.060001,695762
3/8/2017,60.049999,61.27,59.919998,60.830002,901721
3/9/2017,60.77,62.740002,60.619999,62.560001,1215781
3/10/2017,62.77,63.990002,62.650002,63.5,1258575
3/13/2017,63.619999,63.639999,62.98,63.509998,501570
3/14/2017,63.529999,63.540001,62.869999,63.25,738879
3/15/2017,63.220001,63.990002,62.970001,63.43,593813
3/16/2017,63.950001,64.790001,63.470001,63.560001,1186294
3/17/2017,63.299999,64.300003,63.150002,63.619999,1188090
3/20/2017,63.110001,63.880001,63,63.549999,459770
3/21/2017,64.080002,64.449997,62.91,63.150002,929315
3/22/2017,62.75,63.189999,61.93,62.779999,1128811
3/23/2017,63,63.669998,62.549999,63.43,745641
3/24/2017,63.349998,63.59,62.540001,62.77,509093
3/27/2017,62.040001,62.619999,61.880001,62.470001,805392
3/28/2017,62.779999,63.139999,62.110001,63.119999,767738
3/29/2017,63.5,63.5,61.540001,62.509998,801786
3/30/2017,62.57,62.57,61.450001,61.970001,1024462
3/31/2017,61.650002,62.23,61.27,62.189999,733465
4/3/2017,62.130001,62.130001,61.34,61.549999,715477
4/4/2017,61.419998,62.110001,61.099998,61.509998,848115
4/5/2017,61.759998,62.639999,61.689999,61.889999,808974
4/6/2017,61.619999,62.34,61.119999,62.330002,727367
4/7/2017,62,62.669998,61.669998,62.27,824933
4/10/2017,62.299999,62.619999,62.09,62.150002,648911
4/11/2017,61.619999,62.029999,61.299999,61.709999,919165
4/12/2017,61.889999,62.450001,61.34,61.34,678384
4/13/2017,61.330002,61.41,59.669998,60.049999,1156240
4/18/2017,60.43,60.43,59.330002,59.419998,989791
4/19/2017,59.369999,60.389999,59.369999,60.330002,788636
4/20/2017,60,60.75,59.59,60.41,1066742
4/21/2017,60.950001,62.970001,60.57,62.040001,1777371
4/24/2017,64.790001,65.279999,63.869999,65.279999,1843656
4/25/2017,65.550003,66.209999,65.400002,65.919998,1356339
4/26/2017,65.699997,66.260002,65.419998,66.050003,1022487
4/27/2017,66,66.870003,65.800003,66.230003,1034943
4/28/2017,66,66.620003,65.809998,66.279999,882193
5/2/2017,66.480003,67.519997,66.339996,67.5,973191
5/3/2017,67.709999,68.230003,67.43,68.160004,829443
5/4/2017,68.300003,68.949997,67.919998,68.489998,1058449
5/5/2017,68.269997,70.239998,68.019997,70.190002,1181931
5/8/2017,70.739998,70.980003,68.910004,70.150002,1270499
5/9/2017,68.620003,68.910004,67.790001,67.900002,1052771
5/10/2017,68.029999,69.019997,67.68,68.5,1011001
5/11/2017,68.669998,69.040001,65.720001,66.400002,1538473
5/12/2017,66.5,67.610001,66.360001,67.230003,793231
5/15/2017,67.599998,67.809998,66.900002,67.809998,724847
5/16/2017,67.910004,67.910004,66.470001,66.5,1097986
5/17/2017,66.370003,66.470001,64.709999,65.269997,1124003
5/18/2017,65,65.32,63.450001,65,1204110
5/19/2017,65.269997,66.099998,65.160004,65.849998,662672
5/22/2017,66.050003,66.580002,65.669998,65.779999,740763
5/23/2017,65.650002,67.18,65.489998,66.82,728880
5/24/2017,66.949997,67.099998,66.440002,66.989998,637279
5/25/2017,67.269997,67.529999,66.610001,66.730003,441825
5/26/2017,66.620003,66.720001,65.510002,66.410004,640604
5/29/2017,66.290001,66.5,66,66.07,277185
5/30/2017,65.690002,66.790001,65.169998,66.610001,831287
5/31/2017,66.699997,67.599998,66.239998,66.980003,1170915
6/1/2017,67.07,67.099998,65.82,66.260002,706462
6/2/2017,66.800003,67.68,65.919998,66.099998,857589
6/5/2017,66.230003,66.489998,65.910004,66.349998,363297
6/6/2017,66.120003,66.599998,65.830002,66.099998,616341
6/7/2017,66.019997,68.25,65.949997,67.809998,1008233
6/8/2017,67.949997,68.779999,67.309998,68.480003,1039320
6/9/2017,68.559998,69.809998,68.510002,69.410004,1015897
6/12/2017,69.279999,69.5,67.849998,67.889999,662575
6/13/2017,68.019997,68.589996,67.550003,68.230003,628543
6/14/2017,68.470001,69.309998,67.269997,67.449997,835660
6/15/2017,67.580002,67.75,66.389999,67.650002,963294
6/16/2017,67.940002,68.389999,67.230003,68.190002,1399218
6/19/2017,68.529999,69.190002,68.449997,68.940002,706692
6/20/2017,69.190002,69.220001,67.730003,67.830002,771734
6/21/2017,66.449997,66.449997,63.799999,65.110001,1884104
6/22/2017,64.82,64.870003,62.939999,63.599998,1399384
6/23/2017,63.459999,64.199997,63.009998,63.380001,899708
6/26/2017,63.630001,64.43,63.540001,63.630001,879870
6/27/2017,63.630001,65.110001,63.5,64.699997,1231282
6/28/2017,64.599998,65.690002,63.900002,65.550003,1217149
6/29/2017,65.949997,66.910004,65.610001,65.760002,1087641
6/30/2017,65.660004,66.940002,65.660004,66.410004,1162403
7/3/2017,66.839996,68.07,66.360001,68,953118
7/4/2017,67.790001,68.339996,67.400002,67.620003,606936
7/5/2017,67.550003,67.93,67.18,67.489998,704434
7/6/2017,67.43,68.089996,67.339996,67.730003,776897
7/7/2017,67.809998,68.059998,67.489998,68.059998,616880
7/10/2017,68.099998,68.489998,67.75,67.75,461601
7/11/2017,67.93,68.32,67.389999,67.540001,377187
7/12/2017,67.650002,68.279999,67.470001,67.690002,547796
7/13/2017,67.959999,68.769997,67.870003,68.190002,565797
7/14/2017,68.470001,68.610001,67.5,67.830002,593202
7/17/2017,68.160004,68.220001,67.559998,67.940002,409525
7/18/2017,67.970001,68.080002,66.139999,66.629997,655501
7/19/2017,66.980003,67.400002,66.239998,67.269997,618759
7/20/2017,67.269997,68.419998,67.040001,67.660004,858427
7/21/2017,67.449997,67.599998,66.57,67,644366
7/24/2017,66.879997,67.019997,66.160004,66.599998,801100
7/25/2017,66.690002,68.410004,66.690002,68.07,790386
7/26/2017,68.389999,69.889999,68.370003,69.720001,1209843
7/27/2017,69.419998,70.330002,69.32,69.980003,832694
7/28/2017,69.860001,69.989998,69.25,69.959999,658826
7/31/2017,70.010002,70.300003,69.580002,70,667978
8/1/2017,70.209999,70.5,69.940002,70.190002,562119
8/2/2017,70.349998,70.389999,69.589996,69.940002,808529
8/3/2017,69.800003,69.93,69.040001,69.849998,491216
8/4/2017,69.779999,70.900002,69.599998,70.660004,697932
8/7/2017,70.730003,70.860001,70.260002,70.760002,437837
8/8/2017,70.650002,70.989998,70.519997,70.980003,490889
8/9/2017,70.639999,70.720001,69.300003,70.699997,673789
8/10/2017,70.739998,71.339996,68.889999,69.360001,1036253
8/11/2017,68.879997,69.660004,68.169998,69.089996,673146
8/14/2017,69.43,70.220001,69.379997,69.75,439409
8/15/2017,70,70.790001,69.529999,70.360001,436971
8/16/2017,70.800003,70.980003,70.290001,70.669998,487049
8/17/2017,70.379997,70.559998,69.349998,69.879997,580175
8/18/2017,69.220001,70,68.610001,69.870003,537368
8/21/2017,69.580002,69.769997,68.970001,69.220001,402550
8/22/2017,69.860001,70.190002,69.459999,69.580002,484027
8/23/2017,69.489998,69.93,68.620003,68.639999,531083
8/24/2017,69.029999,69.459999,68.889999,69.07,478397
8/25/2017,69.080002,69.610001,68.800003,68.800003,305490
8/28/2017,68.540001,69.120003,68.470001,68.5,239518
8/29/2017,68,68.5,67.599998,68,655501
8/30/2017,68.660004,68.779999,68.239998,68.620003,390492
8/31/2017,68.970001,69.470001,68.650002,69.029999,686260
9/1/2017,69.260002,69.419998,68.790001,69.129997,369041
9/4/2017,68.5,68.900002,68.339996,68.540001,309149
9/5/2017,68.580002,68.779999,67.800003,68.040001,595613
9/6/2017,67.449997,68.059998,67.349998,67.849998,535562
9/7/2017,68.080002,68.559998,67.57,68.010002,743821
9/8/2017,67.860001,68.580002,67.440002,68.529999,752625
9/11/2017,68.800003,69.239998,68.550003,69.110001,565538
9/12/2017,69.199997,70.279999,68.68,70.040001,755121
9/13/2017,69.970001,70.860001,69.800003,70.5,685516
9/14/2017,70.470001,70.769997,70.029999,70.489998,519121
9/15/2017,70.330002,70.330002,69.379997,69.739998,852674
9/18/2017,70,70.160004,69.510002,69.629997,458229
9/19/2017,69.629997,69.910004,69.580002,69.860001,467504
9/20/2017,69.730003,70.470001,69.730003,70.239998,771463
9/21/2017,70.419998,71.470001,70.419998,70.980003,850171
9/22/2017,70.739998,71.459999,70.010002,70.120003,708332
9/25/2017,69.989998,70.279999,69.690002,69.970001,370602
9/26/2017,70,70.690002,69.989998,70.279999,428525
9/27/2017,70.5,72.099998,70.43,71.510002,909719
9/28/2017,71.839996,72.5,71.07,71.360001,750631
9/29/2017,71.160004,71.919998,70.860001,71.699997,641392
10/2/2017,71.480003,71.949997,71.379997,71.790001,529350
10/3/2017,71.989998,72.260002,71.949997,72.129997,266885
10/4/2017,72.300003,72.370003,71.580002,71.82,815672
10/5/2017,71.720001,72.059998,71.360001,71.790001,661166
10/6/2017,71.690002,72.099998,71.519997,71.790001,664758
10/9/2017,71.709999,71.839996,70.989998,71.150002,585308
10/10/2017,71.220001,72.410004,71.209999,71.830002,870755
10/11/2017,71.989998,71.989998,71.010002,71.82,730573
10/12/2017,71.980003,72.169998,71.610001,72.110001,481216
10/13/2017,72,72.580002,71.360001,71.629997,681917
10/16/2017,71.5,71.870003,70.970001,71.110001,607312
10/17/2017,71.419998,71.769997,70.949997,71.269997,542007
10/18/2017,71.489998,72.309998,71.18,72,528264
10/19/2017,71.900002,72.269997,71.129997,71.870003,474533
10/20/2017,72,72.470001,71.910004,72.239998,737747
10/23/2017,72.089996,72.25,71.720001,72.080002,415348
10/24/2017,72,72.739998,72,72.480003,560406
10/25/2017,72.480003,72.849998,71.489998,71.800003,727776
10/26/2017,71.25,72.470001,71.169998,72.209999,757663
10/27/2017,72.620003,72.970001,71.57,72.099998,786114
10/30/2017,72.279999,72.349998,71.650002,71.879997,520167
10/31/2017,71.849998,71.879997,71.25,71.309998,597203
11/1/2017,71.699997,72.589996,71.459999,71.889999,690588
11/2/2017,72.029999,72.300003,70.82,71.800003,748198
11/3/2017,71.809998,71.889999,70.769997,71.169998,588292
11/6/2017,70.980003,71.199997,70.779999,70.849998,534827
11/7/2017,71.239998,71.589996,70.709999,71.25,708946
11/8/2017,71.199997,71.760002,70.959999,71.650002,871767
11/9/2017,71.720001,72.029999,70.959999,71.129997,754107
11/10/2017,71.050003,71.879997,71.050003,71.540001,610825
11/13/2017,71.639999,71.75,71.080002,71.510002,670179
11/14/2017,71.690002,72.089996,71.220001,71.239998,860481
11/15/2017,69.790001,70.150002,68.75,69.900002,1207878
11/16/2017,70.5,70.5,68.120003,69.639999,1064491
11/17/2017,69.150002,69.349998,67.239998,67.379997,1482100
11/20/2017,67.059998,67.440002,66.75,66.959999,1045550
11/21/2017,67.040001,68.43,66.68,67.709999,1054373
11/22/2017,67.769997,68.629997,67.75,67.940002,576003
11/23/2017,67.849998,68.290001,67.519997,68,442245
11/24/2017,67.989998,69.120003,67.839996,69.019997,816750
11/27/2017,69,69.540001,68.540001,68.75,632977
11/28/2017,68.790001,69.300003,68.400002,68.559998,629894
11/29/2017,69.25,69.290001,68.760002,68.800003,961204
11/30/2017,68.93,69.190002,68.43,68.730003,1196923
12/1/2017,68.699997,69.059998,68.07,68.389999,734282
12/4/2017,69.230003,69.589996,68.870003,69.540001,1128217
12/5/2017,69.75,70.199997,69.18,69.279999,867703
12/6/2017,68.690002,68.980003,68.269997,68.43,880395
12/7/2017,68.620003,70.089996,68.559998,70.029999,1125515
12/8/2017,70.800003,72.5,70.529999,72,1430915
12/11/2017,72.449997,72.489998,71.639999,71.739998,665156
12/12/2017,71.699997,72.480003,71.650002,72.239998,832383
12/13/2017,71.800003,72.389999,71.529999,71.550003,759032
12/14/2017,71.169998,72.260002,70.730003,71.480003,570259
12/15/2017,71.519997,71.529999,70.82,70.93,1104621
12/18/2017,71.43,71.620003,70.910004,71.209999,698947
12/19/2017,71.059998,72.089996,71.059998,71.849998,570603
12/20/2017,71.970001,71.980003,71.300003,71.489998,560264
12/21/2017,71.559998,71.849998,71.099998,71.459999,726598
12/22/2017,71.400002,71.790001,70.959999,71.209999,460168
12/27/2017,71.25,71.489998,70.949997,71.010002,260538
12/28/2017,71.150002,71.379997,70.949997,71.089996,280504
12/29/2017,71.269997,71.43,70.93,71.110001,321521
1/2/2018,71.599998,71.639999,70.360001,71,529778
1/3/2018,71.339996,71.559998,70.860001,71.260002,521054
1/4/2018,71.800003,73.18,71.599998,72.720001,891908
1/5/2018,73,73.620003,72.82,73.400002,704074
1/8/2018,73.620003,73.919998,72.940002,72.940002,775004
1/9/2018,72.959999,73.599998,72.919998,73.400002,655650
1/10/2018,73.5,75.919998,73.379997,75.5,1202861
1/11/2018,75.419998,75.720001,74.779999,75.18,903875
1/12/2018,75.300003,75.419998,74.559998,75.160004,713855
1/15/2018,75.080002,75.220001,74.639999,74.919998,320438
1/16/2018,74.779999,75.379997,74.720001,75.139999,485092
1/17/2018,74.519997,75.160004,74.199997,74.580002,640592
1/18/2018,74.779999,75.360001,74.580002,75.059998,441612
1/19/2018,75.160004,75.660004,74.900002,75.660004,565720
1/22/2018,75.699997,77.160004,75.160004,76.82,960462
1/23/2018,77.480003,77.480003,76.040001,76.540001,665514
1/24/2018,76.260002,76.860001,75.800003,76.199997,497177
1/25/2018,76,77.199997,75.800003,77.199997,583457
1/26/2018,77.300003,77.940002,77.040001,77.760002,813590
1/29/2018,78.32,78.800003,77.339996,77.419998,632285
1/30/2018,77.139999,77.720001,77,77.559998,647613
1/31/2018,77.199997,77.620003,76.980003,77.400002,666239
2/1/2018,78,78.580002,77.419998,77.760002,669548
2/2/2018,77.559998,78.059998,76.959999,77.32,571335
2/5/2018,76.860001,77.459999,76.080002,76.620003,636063
2/6/2018,74.099998,75.800003,73.779999,73.919998,1316440
2/7/2018,74.739998,76.919998,73.839996,76.660004,1072115
2/8/2018,76.940002,77.480003,74.339996,74.699997,939361
2/9/2018,74.279999,74.360001,71.379997,72.879997,1462901
2/12/2018,73.639999,74.220001,72.519997,72.940002,719532
2/13/2018,72.919998,73.059998,71.900002,71.940002,732674
2/14/2018,72.5,72.760002,71.400002,71.839996,776438
2/15/2018,72.5,73.120003,72.220001,72.379997,925501
2/16/2018,72.900002,73.040001,72.360001,72.68,825171
2/19/2018,73.160004,73.400002,72.639999,72.639999,621972
2/20/2018,72.860001,73.18,72.480003,72.760002,488235
2/21/2018,72.440002,73.860001,72.160004,73.400002,645488
2/22/2018,73.940002,75.839996,73.040001,75.059998,991987
2/23/2018,75.339996,75.339996,74.360001,74.519997,611247
2/26/2018,75.199997,75.720001,75.080002,75.480003,537927
2/27/2018,75.900002,77.459999,75.599998,77,824290
2/28/2018,77,77.639999,76.480003,77.300003,775852
3/1/2018,77.099998,77.18,75.660004,75.980003,800698
3/2/2018,75.360001,75.480003,73.5,74.379997,990569
3/5/2018,74.220001,75.160004,74.080002,74.699997,727995
3/6/2018,75.800003,75.959999,74.760002,74.839996,578637
3/7/2018,74.599998,75.419998,74.540001,75.18,701589
3/8/2018,75.699997,75.940002,74.800003,74.800003,803676
3/9/2018,75.059998,75.68,74.900002,75.279999,467627
3/12/2018,75.860001,75.900002,75.120003,75.220001,303251
3/13/2018,75.480003,75.519997,74.260002,74.419998,851385
3/14/2018,73.199997,73.980003,72.860001,73.220001,975346
3/15/2018,73.459999,73.900002,72.900002,73.540001,611151
3/16/2018,73.68,74.239998,73.519997,73.800003,1154705
3/19/2018,73.919998,73.980003,72.580002,72.839996,548559
3/20/2018,72.919998,73.459999,72.68,73,433885
3/21/2018,73.019997,73.360001,72.139999,72.379997,619212
3/22/2018,71.839996,72.540001,69.580002,69.980003,1202004
3/23/2018,69.5,70.599998,69.040001,70.440002,1312265
3/26/2018,70.620003,70.959999,69.900002,70.459999,621088
3/27/2018,71.519997,71.82,70.300003,70.5,507480
3/28/2018,69.919998,71.339996,69.379997,71.18,746049
3/29/2018,71.800003,71.800003,70.639999,70.720001,765271
4/3/2018,70.199997,70.540001,69.5,70.120003,802624
4/4/2018,70.400002,70.540001,68.699997,69.82,890233
4/5/2018,70.959999,71.599998,70.660004,71.220001,583547
4/6/2018,71,71.279999,69.860001,70.160004,581159
4/9/2018,70.580002,71.120003,70.080002,70.860001,469382
4/10/2018,71.279999,72.099998,70.919998,71.519997,676940
4/11/2018,71.400002,72.099998,70.760002,70.879997,534843
4/12/2018,71.040001,71.459999,70.559998,71.199997,464213
4/13/2018,71.459999,72.239998,71.080002,71.5,556150
4/16/2018,71.419998,72.019997,71.419998,71.839996,375271
4/17/2018,72.239998,72.559998,72,72.260002,497345
4/18/2018,72.519997,73,72.059998,72.900002,679875
4/19/2018,72.959999,73.480003,72.720001,73.199997,531112
4/20/2018,73.720001,73.720001,72.660004,72.959999,696407
4/23/2018,72.82,74.040001,72.660004,73.800003,456919
4/24/2018,73.900002,74,73.239998,73.779999,606861
4/25/2018,73.540001,73.620003,72.339996,72.940002,422055
4/26/2018,72.739998,73.160004,72.5,72.800003,398903
4/27/2018,72.879997,73.099998,72.139999,72.800003,378033
4/30/2018,72.739998,72.980003,72.339996,72.400002,558287
5/2/2018,72.400002,73.080002,72.379997,72.900002,534443
5/3/2018,72.980003,73.059998,70.900002,71.400002,762166
5/4/2018,71.199997,72,70.82,71.919998,618064
5/7/2018,70.300003,70.300003,69.580002,69.699997,453282
5/8/2018,69.68,70.699997,69.599998,70.699997,536103
5/9/2018,70.620003,71.419998,70.540001,71.199997,780434
5/10/2018,71.260002,72.18,71.160004,71.980003,472212
5/11/2018,71.980003,72.199997,71.800003,72.019997,370051
5/14/2018,72,72,71.059998,71.139999,548072
5/15/2018,71.18,71.699997,70.080002,70.739998,658676
5/16/2018,70.540001,70.800003,69.059998,69.639999,802123
5/17/2018,71.199997,71.279999,68.559998,70.779999,769200
5/18/2018,70.739998,71.160004,70.480003,70.720001,856497
5/21/2018,71,71.099998,70.459999,70.839996,294701
5/22/2018,71.099998,72.480003,71.099998,72.279999,808348
5/23/2018,72.080002,72.279999,71.040001,71.139999,976851
5/24/2018,71.32,71.540001,69.139999,69.720001,1099531
5/25/2018,70.279999,70.300003,68.580002,69.32,812934
5/28/2018,70.440002,70.699997,68.379997,68.760002,792023
5/29/2018,68,68.620003,65.379997,65.720001,1950851
5/30/2018,66.480003,66.82,65.120003,66.379997,1469236
5/31/2018,66.82,67.5,65.400002,66.199997,1405612
6/1/2018,67.040001,68.019997,66.5,67.419998,931065
6/4/2018,68.68,68.68,67.559998,68,664464
6/5/2018,68.080002,68.220001,66.160004,66.18,952561
6/6/2018,66.379997,66.82,65.5,66.32,1292942
6/7/2018,66.919998,67.720001,66.480003,66.660004,756079
6/8/2018,66.099998,66.480003,65.720001,66.480003,634753
6/11/2018,67.339996,67.860001,66.860001,67.660004,703399
6/12/2018,68.220001,68.220001,67.379997,67.800003,707649
6/13/2018,67.699997,67.860001,67.120003,67.300003,628415
6/14/2018,67.080002,67.300003,66.620003,66.940002,909512
6/15/2018,67.099998,67.099998,65.360001,65.699997,1930796
6/18/2018,65.519997,66.18,65.5,65.879997,677702
6/19/2018,65.019997,66.360001,64.760002,66.160004,689526
6/20/2018,66.68,66.879997,66.019997,66.059998,787386
6/21/2018,66.059998,66.279999,65.239998,65.459999,781878
6/22/2018,65.5,66.480003,65.5,66.279999,470286
6/25/2018,65.699997,65.959999,65.300003,65.639999,448748
6/26/2018,66.160004,66.400002,65.639999,65.860001,866210
6/27/2018,66.279999,66.279999,64.620003,65.82,917153
6/28/2018,65.5,66,65.260002,65.660004,778403
6/29/2018,66.160004,66.440002,65.860001,66.120003,960624
7/2/2018,65.599998,65.599998,64.739998,65.360001,644606
7/3/2018,65.900002,65.919998,64.900002,65.099998,626332
7/4/2018,64.919998,65.699997,64.919998,65.599998,426424
7/5/2018,65.800003,67.120003,65.639999,66.260002,753947
7/6/2018,66.599998,66.760002,65.620003,66.120003,445797
7/9/2018,66.660004,66.82,66.220001,66.540001,534919
7/10/2018,66.559998,66.839996,65.900002,66.099998,375696
7/11/2018,66.059998,66.379997,65.480003,65.660004,578176
7/12/2018,65.620003,65.860001,64.959999,65.5,475614
7/13/2018,65.519997,66.059998,65.400002,65.860001,465461
7/16/2018,65.839996,66.779999,65.639999,66.360001,470007
7/17/2018,66.599998,66.599998,65.800003,65.900002,515163
7/18/2018,65.959999,66.160004,64.639999,65.400002,572703
7/19/2018,65.260002,65.839996,64.599998,64.800003,684046
7/20/2018,64.459999,64.599998,63.919998,64.220001,852698
7/23/2018,64.220001,65.199997,64.019997,65,571402
7/24/2018,64.800003,66.339996,64.800003,66.220001,701525
7/25/2018,66.18,66.559998,65.199997,65.400002,613115
7/26/2018,65.739998,66.059998,65.139999,65.260002,771062
7/27/2018,65.279999,66.68,65.220001,66.040001,523263
7/30/2018,65.800003,66.440002,65.760002,66.120003,450369
7/31/2018,65.940002,66.279999,65.699997,65.760002,759091
8/1/2018,65.900002,66.32,65,65,666995
8/2/2018,64.919998,65.160004,63.799999,64.300003,671377
8/3/2018,64.459999,64.459999,63.880001,64.18,457494
8/6/2018,64.459999,64.639999,63.919998,64.559998,537077
8/7/2018,65,65.18,64.019997,64.540001,680278
8/8/2018,64.620003,64.699997,63.959999,63.959999,721500
8/9/2018,63.900002,66.080002,63.439999,65.440002,1021828
8/10/2018,64.779999,65.120003,63.18,63.5,1058830
8/13/2018,63.18,63.619999,62.619999,63.32,874476
8/14/2018,63.5,64.059998,63.279999,64,954525
8/15/2018,64.18,64.800003,62.360001,62.400002,868799
8/16/2018,62.740002,63.439999,62.380001,62.860001,488261
8/17/2018,62.84,63.459999,62.220001,62.5,596784
8/20/2018,62.639999,63.5,62.639999,62.799999,396555
8/21/2018,62.720001,62.84,62.139999,62.560001,602358
8/22/2018,62.360001,63.459999,62.259998,62.619999,632209
8/23/2018,62.740002,63.099998,62.200001,62.259998,452655
8/24/2018,62.18,62.959999,62.099998,62.439999,632626
8/27/2018,62.580002,63.02,62.459999,62.860001,243041
8/28/2018,62.959999,63.18,62.740002,62.82,513409
8/29/2018,62.720001,63.02,62.060001,62.560001,580645
8/30/2018,62.419998,62.599998,61.099998,61.16,666495
8/31/2018,61.099998,61.360001,60.799999,60.959999,233817
9/3/2018,61.080002,61.5,60.939999,61.200001,370305
9/4/2018,62.98,62.98,60.939999,61.400002,810834
9/5/2018,61.419998,62.740002,60.880001,62.580002,1040838
9/6/2018,62.32,62.919998,61.939999,62.700001,872415
9/7/2018,62.919998,62.919998,61.84,62.380001,917073
9/10/2018,62.360001,63.720001,62.220001,63.700001,917157
9/11/2018,63.98,64.339996,63.66,64.120003,935850
9/12/2018,64.099998,64.239998,63.580002,64.199997,981542
9/13/2018,64.040001,65.059998,63.799999,64.440002,948573
9/14/2018,64.860001,64.860001,64.120003,64.68,744426
9/17/2018,64.580002,65.720001,64.379997,65.5,807753
9/18/2018,65.839996,66.160004,65.440002,65.739998,836442
9/19/2018,66.099998,66.980003,65.839996,66.879997,881712
9/20/2018,66.959999,67.720001,66.82,67.32,1057379
9/21/2018,66.980003,67.68,66.660004,66.739998,1272245
9/24/2018,66.620003,66.860001,66.139999,66.32,603798
9/25/2018,66.559998,67.260002,66.559998,66.839996,616717
9/26/2018,66.639999,67.019997,66.540001,66.760002,536141
9/27/2018,66.68,66.760002,65.760002,66.459999,614167
9/28/2018,65.980003,66.059998,63.380001,64.099998,1206353
10/1/2018,63.759998,64.839996,63.619999,64.080002,730991
10/2/2018,63.599998,64.68,63.16,64.080002,624474
10/3/2018,66,66.339996,64.459999,65.400002,816739
10/4/2018,65.5,67.120003,65.099998,66.839996,1271317
10/5/2018,66.900002,67.120003,65.959999,66.860001,766252
10/8/2018,66.660004,66.800003,65.580002,65.900002,897170
10/9/2018,66.279999,66.839996,65.660004,66.620003,927218
10/10/2018,66.82,67.199997,65.68,65.720001,874851
10/11/2018,64.779999,65.059998,63.939999,64.220001,936882
10/12/2018,65.019997,65.040001,63.82,63.919998,577379
10/15/2018,63.919998,64.220001,62.939999,63.66,444699
10/16/2018,63.82,65.040001,63.580002,65.019997,700560
10/17/2018,65.400002,65.660004,64.739998,65,456453
10/18/2018,64.839996,65.540001,64.360001,64.360001,783899
10/19/2018,64.239998,64.360001,62.599998,63.200001,1060874
10/22/2018,63.619999,64.300003,62.98,62.98,727314
10/23/2018,62.32,62.459999,61.360001,61.5,991348
10/24/2018,61.5,61.84,60.400002,60.52,598047
10/25/2018,59.98,61.200001,59.48,60.48,775963
10/26/2018,60.18,60.360001,59.220001,60,647734
10/29/2018,59.740002,61.48,59.540001,60.52,466040
10/30/2018,60.459999,60.619999,59.860001,60.119999,676295
10/31/2018,61.040001,61.619999,60.900002,60.900002,789496
11/1/2018,60.860001,61.900002,60.66,60.939999,612723
11/2/2018,61.740002,61.900002,60.880001,61.060001,691544
11/5/2018,61.060001,61.18,60.68,60.68,494558
11/6/2018,60.799999,60.82,59.52,59.560001,771166
11/7/2018,60,60.779999,59.84,60.34,711670
11/8/2018,60.700001,61.619999,60.560001,61.419998,656445
11/9/2018,60.82,62.16,60.700001,61.84,635188
11/12/2018,62.16,62.279999,61.619999,61.68,611309
11/13/2018,61.919998,61.919998,60.939999,61.419998,881637
11/14/2018,60.34,61.119999,59.619999,61.119999,1062421
11/15/2018,62.32,62.84,60.84,62.299999,1182621
11/16/2018,62.299999,63.34,61.919998,62.5,1015862
11/19/2018,62.720001,62.880001,62,62,584378
11/20/2018,61.619999,61.619999,60.32,60.439999,828298
11/21/2018,60.779999,61.84,60.68,61.799999,709311
11/22/2018,61.360001,61.599998,60.639999,60.639999,483082
11/23/2018,60.759998,61.299999,60.619999,61.060001,368686
11/26/2018,61.66,62.880001,61.5,62.84,718589
11/27/2018,63.439999,64.260002,63.099998,63.599998,871103
11/28/2018,63.540001,63.66,62.439999,62.799999,490317
11/29/2018,63.380001,63.799999,62.720001,63.740002,559444
11/30/2018,63.779999,63.779999,63.080002,63.400002,905747
12/3/2018,64.5,64.68,64.040001,64.540001,535390
12/4/2018,64.080002,64.400002,63.060001,63.060001,528610
12/5/2018,62.52,62.639999,61.84,61.84,461981
12/6/2018,61.52,61.619999,59.119999,59.240002,1065465
12/7/2018,59.639999,60.200001,59.400002,59.400002,662998
12/10/2018,59.099998,59.5,58.619999,58.959999,745952
12/11/2018,59.34,60.700001,58.959999,60,834602
12/12/2018,60.400002,61.939999,60.02,61.84,1031536
12/13/2018,62.099998,62.439999,61.360001,61.360001,758046
12/14/2018,60.740002,61.02,59.5,60.459999,645454
12/17/2018,60.299999,60.299999,58.939999,58.939999,758355
12/18/2018,58.82,59.619999,58.400002,59.200001,905943
12/19/2018,59.16,59.919998,59.060001,59.66,792877
12/20/2018,58.52,58.959999,57.18,57.259998,1098317
12/21/2018,57.16,57.240002,54.66,56.84,1964652
12/24/2018,56.080002,56.82,56.080002,56.66,138308
12/27/2018,57.220001,57.279999,55.080002,55.34,706684
12/28/2018,55.900002,56.48,55.380001,56.400002,418885
12/31/2018,56.279999,56.68,56,56.68,135068
1/2/2019,56,56.580002,55.299999,56.299999,397694
1/3/2019,55.860001,56.779999,55.860001,56.360001,592892
1/4/2019,56.880001,58.18,56.66,58.18,764232
1/7/2019,58.259998,58.5,57.84,58.439999,515180
1/8/2019,58.419998,58.880001,58.299999,58.48,768017
1/9/2019,58.919998,59.099998,58.200001,58.540001,628043
1/10/2019,58.099998,58.52,57.619999,58.52,514489
1/11/2019,59.099998,59.119999,57.939999,58.18,533231
1/14/2019,58.040001,58.900002,57.919998,58.860001,559468
1/15/2019,59.360001,59.700001,58.34,58.84,639473
1/16/2019,59.060001,61.119999,59.060001,61.119999,860563
1/17/2019,60.560001,60.82,59.18,59.560001,887491
1/18/2019,59.98,60.720001,59.5,60.66,782936
1/21/2019,60.68,60.98,59.560001,59.959999,341211
1/22/2019,59.32,60.700001,59.16,60.060001,723604
1/23/2019,59.720001,60.860001,59.200001,60.639999,662676
1/24/2019,60.860001,60.98,59.02,59.740002,966062
1/25/2019,60.48,60.5,59.66,60.5,641730
1/28/2019,60.700001,60.700001,59.32,59.459999,562501
1/29/2019,59.200001,59.959999,58.84,59.619999,538484
1/30/2019,59.360001,60.02,59.200001,59.98,414832
1/31/2019,60.060001,60.400002,58.82,59.279999,956167
2/1/2019,59.48,59.84,58.959999,59.439999,745820
2/4/2019,59.18,59.84,58.959999,59.299999,614188
2/5/2019,59.599998,60.200001,59.279999,60.099998,552364
2/6/2019,59.52,60.560001,59.32,60.259998,698972
2/7/2019,59.32,60.060001,58.779999,58.779999,969530
2/8/2019,58.439999,58.919998,58.02,58.360001,568928
2/11/2019,58.66,59.560001,58.66,59.220001,489789
2/12/2019,60.080002,60.740002,59.439999,60.5,692900
2/13/2019,60.720001,60.720001,59.259998,59.259998,1106680
2/14/2019,60.880001,60.880001,58.360001,59.560001,1092661
2/15/2019,59.599998,62,59.16,61.639999,988883
2/18/2019,61.799999,62.48,61.66,61.939999,598857
2/19/2019,61.040001,62.16,61.040001,62,777766
2/20/2019,62.16,62.860001,62.040001,62.740002,621803
2/21/2019,62.959999,62.959999,61.279999,61.299999,699616
2/22/2019,61.02,61.880001,60.860001,61.040001,633327
2/25/2019,61.48,61.619999,60.779999,61.220001,629772
2/26/2019,61.02,61.560001,60.599998,61.360001,762309
2/27/2019,60.939999,62.66,60.720001,62.540001,1111263
2/28/2019,62.18,65.540001,62.18,65.120003,1783526
3/1/2019,65.559998,65.839996,64.339996,64.379997,776390
3/4/2019,64.959999,65.040001,63.860001,63.880001,599804
3/5/2019,63.84,64.980003,63.580002,64.519997,767675
3/6/2019,64.32,64.32,62.119999,62.779999,1466779
3/7/2019,62.919998,63.080002,60.419998,61.299999,1185069
3/8/2019,60.52,60.66,59.459999,59.98,850650
3/11/2019,60.200001,60.939999,59.939999,60.779999,686102
3/12/2019,61.459999,61.540001,60.360001,60.700001,795805
3/13/2019,61.02,61.279999,60.34,61.040001,591928
3/14/2019,60.959999,61.700001,60.580002,61.540001,695600
3/15/2019,61.740002,62.540001,61.34,62.540001,1255474
3/18/2019,62.700001,63.759998,62.459999,63.400002,585928
3/19/2019,63.360001,64.18,63.279999,63.459999,553775
3/20/2019,63.259998,63.52,62.240002,62.779999,417366
3/21/2019,62.299999,63.060001,61.939999,62.540001,550233
3/22/2019,62.720001,63.080002,61.220001,61.419998,855772
3/25/2019,60.900002,62.099998,60.66,61.02,612417
3/26/2019,61.119999,61.619999,60.580002,61.240002,493717
3/27/2019,60.82,63.66,59.900002,63.040001,1179570
3/28/2019,63.02,63.240002,61.720001,61.84,639670
3/29/2019,62.459999,62.68,61.759998,62.279999,645988
4/1/2019,63,63.68,62.220001,63.619999,615740
4/2/2019,63.66,64.82,63.48,64.379997,705315
4/3/2019,64.900002,65.120003,64.400002,64.68,821521
4/4/2019,64.419998,64.940002,64,64.900002,621719
4/5/2019,64.980003,65.160004,64.239998,64.860001,683164
4/8/2019,64.760002,64.940002,64.32,64.800003,539883
4/9/2019,64.720001,65.360001,64.5,64.959999,558264
4/10/2019,65.160004,65.540001,64.260002,64.580002,789911
4/11/2019,64.879997,66.099998,64.300003,65.919998,737224
4/12/2019,65.919998,68.360001,65.540001,67.419998,914439
4/15/2019,67.900002,68.699997,67.099998,67.400002,662385
4/16/2019,67.32,67.800003,66.699997,67.480003,706225
4/17/2019,67.440002,67.82,65.580002,67.139999,993352
4/18/2019,66.779999,67.260002,65.879997,67,735831
4/23/2019,67.32,67.32,66.139999,66.419998,685947
4/24/2019,66.260002,66.400002,64.779999,65.120003,830323
4/25/2019,65,65.639999,64.779999,65.080002,802349
4/26/2019,64.879997,66,64.779999,65.639999,559892
4/29/2019,65.860001,66.5,63.959999,65.559998,1106607
4/30/2019,65.480003,66.32,65.080002,66.019997,773753
5/2/2019,65.800003,66.82,65.019997,65.980003,1048150
5/3/2019,66.400002,66.440002,64.980003,65,623141
5/6/2019,63.860001,64.519997,63.48,64.519997,536144
5/7/2019,61.939999,62.18,60.540001,60.880001,821399
5/8/2019,60.779999,61.48,60.32,61.299999,908857
5/9/2019,60.700001,60.860001,59.200001,59.200001,962523
5/10/2019,59.68,60.380001,59.5,59.939999,771064
5/13/2019,59.759998,60.02,59.200001,59.299999,673649
5/14/2019,59.82,60.34,59.360001,60.34,693141
5/15/2019,60.119999,60.459999,59.279999,60.200001,672842
5/16/2019,60.5,62.48,59.34,62.299999,1009012
5/17/2019,61.98,62.459999,60.939999,61.119999,796036
5/20/2019,61.080002,61.5,60.439999,60.619999,753031
5/21/2019,61.060001,61.419998,60.759998,61.139999,514905
5/22/2019,61.099998,61.259998,60.240002,60.599998,625296
5/23/2019,60.139999,60.860001,59.66,59.66,833628
5/24/2019,60.02,61.060001,59.700001,60.52,731480
5/27/2019,61,61.259998,60.34,60.5,224486
5/28/2019,60.34,60.82,59.52,60.700001,858520
5/29/2019,59.880001,60.360001,59.439999,59.439999,629380
5/30/2019,60.16,60.560001,59.880001,59.98,433169
5/31/2019,59.139999,59.259998,58.459999,58.860001,914647
6/3/2019,58.439999,59.119999,58.02,59.099998,654587
6/4/2019,58.860001,60.299999,58.740002,60.139999,800753
6/5/2019,60.139999,60.419998,59.139999,59.700001,833192
6/6/2019,59.599998,60.400002,58,58.740002,1081988
6/7/2019,58.779999,59.18,57.52,57.799999,886842
6/10/2019,58.220001,58.779999,58.099998,58.259998,621819
6/11/2019,58.16,59.360001,58.139999,58.720001,601193
6/12/2019,58.16,58.400002,57.84,58.259998,692088
6/13/2019,58.16,58.360001,57.82,57.98,403642
6/14/2019,57.900002,58.220001,57.400002,57.799999,494664
6/17/2019,57.939999,58.02,57.380001,57.380001,595787
6/18/2019,57.299999,57.779999,56.779999,57.32,861352
6/19/2019,57.5,58.259998,57.240002,58.259998,737304
6/20/2019,58.259998,58.380001,57.099998,57.099998,665096
6/21/2019,57.200001,57.900002,56.299999,56.299999,1663420
6/24/2019,56.279999,56.900002,55.939999,56.279999,670435
6/25/2019,55.779999,57.02,55.779999,56.84,1043257
6/26/2019,56.959999,57.740002,56.779999,57.220001,665173
6/27/2019,57.759998,57.82,57.02,57.419998,655203
6/28/2019,57.560001,57.66,57.16,57.639999,587448
7/1/2019,58.400002,58.82,58.080002,58.34,652357
7/3/2019,58.299999,59.599998,58.040001,59.599998,688302
7/4/2019,59.18,60.34,59.18,60.099998,571352
7/5/2019,60.16,60.720001,59.380001,60.299999,735656
7/8/2019,60.16,60.959999,59.880001,60.16,841955
7/9/2019,59.959999,60.34,58.48,59.119999,624022
7/10/2019,59.380001,60.419998,59.299999,59.900002,624284
7/11/2019,60.259998,60.259998,59.380001,59.700001,558183
7/12/2019,59.919998,60.459999,59.459999,59.599998,430970
7/15/2019,59.740002,60.360001,59.380001,59.599998,354669
7/16/2019,59.599998,60.240002,59.380001,60.139999,547627
7/17/2019,60,60.099998,59.16,59.220001,418389
7/18/2019,58.580002,58.799999,57.52,58.400002,797952
7/19/2019,58.639999,58.900002,57.599998,57.919998,562731
7/22/2019,58,58.299999,57.740002,57.98,471975
7/23/2019,58.400002,59.48,58.18,59.400002,601964
7/24/2019,59.540001,60.080002,59,59.720001,586862
7/25/2019,60.18,62.32,59.82,60.52,1013776
7/26/2019,60.540001,60.66,59.919998,60.220001,469543
7/29/2019,60.099998,60.34,59.560001,59.82,331826
7/30/2019,59.799999,59.799999,57.880001,58.16,706484
7/31/2019,58.52,58.84,58.099998,58.279999,650689
8/1/2019,58.200001,59.119999,58.040001,58.259998,563929
8/2/2019,57,57.220001,55.959999,56.299999,781919
8/5/2019,55.619999,56.02,55.060001,55.119999,866223
8/6/2019,55.540001,55.82,54.52,54.52,727376
8/7/2019,54.98,54.98,53.540001,53.84,1212828
8/8/2019,55.16,55.200001,53,54.240002,1263690
8/9/2019,53.720001,54.299999,52.5,53.439999,1050618
8/12/2019,53.639999,53.759998,52.040001,52.040001,1075735
8/13/2019,51.799999,52.720001,51.18,52.220001,871285
8/14/2019,51.919998,52.080002,51,51.34,726975
