Date,ECO_US_IP_YOY,ECO_US_OECD_LEADING_INDICATOR,ECO_US_CONSUMER_CONFIDENCE_INDEX,ECO_US_CITI_ECONOMIC_SURPRISE_INDEX,ECO_EMU_IP_YOY,FI_GERMANY_GENERIC_BOND_YIELD_10Y,ECO_EMU_BUSINESS_CONFIDENCE_MANUFACTURING,EQ_MSCI_WORLD_AC_FINANCIALS_DIVIDEND_YIELD_FORWARD_LOOKING,EQ_MSCI_WORLD_AC_FINANCIALS_12M_FW_PE,FI_EUR_BILL_RATE_3M,NORTH_AMERICA_3M_REL_RETURN,EMU_3M_REL_RETURN,FINANCIALS_3M_REL_RETURN
20150101,3.18,100.807,93.1,34.7,0.99,0.541,-4.9,3.0189999999999997,12.083,0.078,-0.020885818855158833,0.04594420897866258,-0.013489706304726345
20150102,3.18,100.807,93.1,28.3,0.99,0.498,-4.9,3.0189999999999997,12.083,0.076,-0.02535225247678463,0.05549301622483305,-0.014810096005056117
20150105,3.18,100.807,93.1,27.6,0.99,0.513,-4.9,3.0189999999999997,12.083,0.075,-0.027235097220784876,0.07964876613699112,-0.01338618545937531
20150106,3.18,100.807,93.1,22.8,0.99,0.45299999999999996,-4.9,3.0189999999999997,12.083,0.073,-0.02897657325686831,0.07359750583508307,-0.009832100911760566
20150107,3.18,100.807,93.1,29.3,0.99,0.47100000000000003,-4.9,3.0189999999999997,12.083,0.07,-0.03541491546934994,0.08270860402367841,-0.007767463629588356
20150108,3.18,100.807,93.1,28.5,0.99,0.512,-4.9,3.0839999999999996,11.819,0.07,-0.033076877938858606,0.06409954737807189,-0.0033390953412817392
20150109,3.18,100.807,93.1,30.7,0.99,0.48100000000000004,-4.9,3.0839999999999996,11.819,0.07,-0.03090126619724476,0.07619929477709553,0.0008242839176799688
20150112,3.18,100.807,93.1,30.8,0.99,0.48100000000000004,-4.9,3.0839999999999996,11.819,0.071,-0.02567690862936245,0.057634394275208,-6.832711095872135e-05
20150113,3.18,100.807,93.1,31.0,0.99,0.47700000000000004,-4.9,3.0839999999999996,11.819,0.071,-0.021756043699322936,0.040725768864709355,-0.0009086782220730782
20150114,3.18,100.807,93.1,19.0,0.99,0.431,-4.9,3.0839999999999996,11.819,0.069,-0.02425763047640772,0.0424698350548145,0.006717751907103775
20150115,3.18,100.807,93.1,11.7,0.79,0.475,-4.9,3.1010000000000004,11.790999999999999,0.069,-0.015511863970315565,0.033087833039807,0.007330978204665994
20150116,3.18,100.807,93.1,7.2,0.79,0.45799999999999996,-4.9,3.1010000000000004,11.790999999999999,0.06,-0.02179137585966573,0.03333843927473423,0.011091844612806101
20150119,3.18,100.807,93.1,6.4,0.79,0.441,-4.9,3.1010000000000004,11.790999999999999,0.055999999999999994,-0.017762324719436284,0.013322820383627088,0.010391444831535646
20150120,3.18,100.807,93.1,4.8,0.79,0.45,-4.9,3.1010000000000004,11.790999999999999,0.055,-0.016123486289685074,0.011980624059260148,0.011261204589844365
20150121,3.18,100.807,93.1,5.5,0.79,0.519,-4.9,3.1010000000000004,11.790999999999999,0.055,-0.015868493661404193,0.009077139671018752,0.011683503322533317
20150122,3.18,100.807,93.1,4.0,0.79,0.45399999999999996,-4.9,3.108,11.835,0.055,-0.023283572801171326,0.022361932022958664,0.0068069029550841265
20150123,3.18,100.807,93.1,-1.5,0.79,0.366,-4.9,3.108,11.835,0.053,-0.019979597932380466,0.019154932637070576,0.011703918917851608
20150126,3.18,100.807,93.1,-3.7,0.79,0.39299999999999996,-4.9,3.108,11.835,0.054000000000000006,-0.02094936264791869,0.011195317248483105,0.013617458471844701
20150127,3.18,100.807,103.8,-3.7,0.79,0.386,-4.9,3.108,11.835,0.055,-0.014113409987188463,0.010413986872134684,0.012175692115121706
20150128,3.18,100.807,103.8,-4.0,0.79,0.35600000000000004,-4.9,3.108,11.835,0.053,-0.008997369140473221,0.009111108962666314,0.016158637288798072
20150129,3.18,100.807,103.8,1.1,0.79,0.358,-4.5,3.065,11.987,0.052000000000000005,-0.013159576993706956,0.00797259656669369,0.018338104779943354
20150130,3.18,100.72200000000001,103.8,-4.0,0.79,0.314,-4.5,3.065,11.987,0.054000000000000006,-0.009297467758407008,0.007071011811412786,0.022243833689738368
20150202,2.93,100.72200000000001,103.8,-8.5,0.79,0.314,-4.5,3.065,11.987,0.055,-0.012905606053975838,0.011767049254620243,0.021226896118004657
20150203,2.93,100.72200000000001,103.8,-13.0,0.79,0.34700000000000003,-4.5,3.065,11.987,0.055,-0.014481111569523586,0.002039365179416386,0.017873158236512143
20150204,2.93,100.72200000000001,103.8,-13.0,0.79,0.36700000000000005,-4.5,3.065,11.987,0.055,-0.010238796770796643,0.003979822230332664,0.01742233932354198
20150205,2.93,100.72200000000001,103.8,-27.2,0.79,0.37799999999999995,-4.5,3.055,12.067,0.051,-0.015255184591966175,0.011765738916363011,0.01834418676078342
20150206,2.93,100.72200000000001,103.8,-25.3,0.79,0.374,-4.5,3.055,12.067,0.053,-0.016455503249632297,0.02061227222212869,0.010663733721168356
20150209,2.93,100.72200000000001,103.8,-26.1,0.79,0.354,-4.5,3.055,12.067,0.051,-0.01708047786165534,0.03252121077192327,0.01323864498616989
20150210,2.93,100.72200000000001,103.8,-28.8,0.79,0.37,-4.5,3.055,12.067,0.05,-0.021162085243486617,0.03162754552532121,0.01721582246231823
20150211,2.93,100.72200000000001,103.8,-29.6,0.79,0.358,-4.5,3.055,12.067,0.049,-0.024263467972384767,0.03341911200718162,0.018862222764522762
20150212,2.93,100.72200000000001,103.8,-36.9,0.79,0.325,-4.5,3.03,12.247,0.048,-0.022894393589151907,0.02596067521512624,0.017164312623961786
20150213,2.93,100.72200000000001,103.8,-37.2,0.79,0.349,-4.5,3.03,12.247,0.048,-0.02099056535398436,0.024329902743781995,0.015583081075573935
20150216,2.93,100.72200000000001,103.8,-39.9,2.27,0.34700000000000003,-4.5,3.03,12.247,0.048,-0.01974777196822486,0.029311218623355506,0.01330666629718924
20150217,2.93,100.72200000000001,103.8,-45.4,2.07,0.37,-4.5,3.03,12.247,0.047,-0.020482214565372026,0.030146450781471268,0.012442533950674184
20150218,2.93,100.72200000000001,103.8,-48.4,2.07,0.38299999999999995,-4.5,3.03,12.247,0.048,-0.01683734157444028,0.025080330868211265,0.013574537137264198
20150219,2.93,100.72200000000001,103.8,-48.3,2.07,0.38799999999999996,-4.5,3.01,12.45,0.048,-0.014012256129280587,0.014608980628733503,0.014937584784119995
20150220,2.93,100.72200000000001,103.8,-47.4,2.07,0.37200000000000005,-4.5,3.01,12.45,0.048,-0.015342676867751814,0.015885083186853333,0.015550507482149811
20150223,2.93,100.72200000000001,103.8,-45.6,2.07,0.366,-4.5,3.01,12.45,0.045,-0.01273909305938492,0.0061936791031544924,0.018437357699645496
20150224,2.93,100.72200000000001,103.8,-47.8,2.07,0.374,-4.5,3.01,12.45,0.044000000000000004,-0.01123508635158843,0.0010672533767495107,0.01748136179816351
20150225,2.93,100.72200000000001,103.8,-47.1,2.07,0.331,-4.5,3.01,12.45,0.042,-0.010038309646704047,-0.0012151362738950233,0.015463586593301715
20150226,2.93,100.72200000000001,98.8,-41.8,2.07,0.302,-4.5,3.092,12.63,0.04,-0.008797710963943883,-0.001704882296121868,0.0152882256647211
20150227,2.93,100.72200000000001,98.8,-46.7,2.07,0.324,-4.5,3.092,12.63,0.039,-0.0061953064503743605,-0.006902933521323318,0.014281195857517526
20150302,1.74,100.72200000000001,98.8,-49.2,2.07,0.355,-4.5,3.092,12.63,0.039,-0.010176256023289199,0.0007591315502080143,0.013652083373966839
20150303,1.74,100.624,98.8,-49.4,2.07,0.365,-4.5,3.092,12.63,0.038,-0.010719855451064797,0.012167339224053775,0.014320197992198525
20150304,1.74,100.624,98.8,-49.6,2.07,0.381,-4.5,3.092,12.63,0.038,-0.009738617814620376,0.011361110101713257,0.016660905592372766
20150305,1.74,100.624,98.8,-55.0,2.07,0.35700000000000004,-4.5,3.155,12.517999999999999,0.036000000000000004,-0.009132224062071148,0.008635825272879205,0.017698229485201833
20150306,1.74,100.624,98.8,-47.5,2.07,0.4,-4.5,3.155,12.517999999999999,0.036000000000000004,-0.006258457422800401,0.00958470648194698,0.013419913366455205
20150309,1.74,100.624,98.8,-49.0,2.07,0.31,-4.5,3.155,12.517999999999999,0.035,-0.008860859270326538,0.0118714689446352,0.015249884248000667
20150310,1.74,100.624,98.8,-50.1,2.07,0.237,-4.5,3.155,12.517999999999999,0.032,-0.008151449935576704,0.01612795063041761,0.017469442945623803
20150311,1.74,100.624,98.8,-50.5,2.07,0.203,-4.5,3.155,12.517999999999999,0.028999999999999998,-0.008225144573518972,0.007286472363970176,0.015413939740043014
20150312,1.74,100.624,98.8,-55.6,2.07,0.249,-4.5,3.1860000000000004,12.364,0.027000000000000003,-0.009695966351272456,0.013241832945684595,0.011574258888424449
20150313,1.74,100.624,98.8,-60.1,2.07,0.259,-4.5,3.1860000000000004,12.364,0.025,-0.008528551614771507,0.010938575858970068,0.01296599787743391
20150316,1.74,100.624,98.8,-63.8,2.27,0.278,-4.5,3.1860000000000004,12.364,0.025,-0.008892607147578668,-8.257731666372337e-05,0.013546828073741746
20150317,1.74,100.624,98.8,-72.0,2.78,0.281,-4.5,3.1860000000000004,12.364,0.025,-0.007157305465819719,0.003003451315392369,0.013120154769063808
20150318,1.74,100.624,98.8,-71.9,2.78,0.195,-4.5,3.1860000000000004,12.364,0.025,-0.007703010609701466,0.008568796213538898,0.016446796503786887
20150319,1.74,100.624,98.8,-72.1,2.78,0.188,-4.5,3.158,12.658,0.024,-0.005597043711811023,0.013936660791774802,0.01591462032870783
20150320,1.74,100.624,98.8,-72.1,2.78,0.18600000000000003,-4.5,3.158,12.658,0.021,-0.002745030133156523,0.00362721474009442,0.011318155405218966
20150323,1.74,100.624,98.8,-73.3,2.78,0.221,-4.5,3.158,12.658,0.022000000000000002,-0.0013348730773949935,0.005576294427730666,0.012138229257115163
20150324,1.74,100.624,98.8,-57.8,2.78,0.235,-4.5,3.158,12.658,0.021,-0.0011794418181755306,0.001040636376143822,0.011333294164769026
20150325,1.74,100.624,98.8,-61.9,2.78,0.22,-4.5,3.158,12.658,0.021,0.0034167524571893093,0.0014609641691643027,0.01054305758028562
20150326,1.74,100.624,101.4,-60.0,2.78,0.217,-4.5,3.1510000000000002,12.717,0.021,-0.0006883592753599288,0.0019317334814437093,0.011755396344035551
20150327,1.74,100.624,101.4,-62.9,2.78,0.209,-4.5,3.1510000000000002,12.717,0.021,-0.0007844129924162724,-0.001599839258825897,0.014626728075157414
20150330,1.74,100.624,101.4,-60.8,2.78,0.214,-2.8,3.1510000000000002,12.717,0.018000000000000002,-0.0037090741824862272,-0.005473395019735872,0.016023716462616577
20150331,0.5,100.527,101.4,-58.6,2.78,0.185,-2.8,3.1510000000000002,12.717,0.019,-0.003999545742296773,-0.003529026346381081,0.014397863814734957
20150401,0.5,100.527,101.4,-62.5,2.78,0.172,-2.8,3.1510000000000002,12.717,0.018000000000000002,-0.001099890185529362,-0.016978244656924768,0.010225559862034217
20150402,0.5,100.527,101.4,-47.3,2.78,0.183,-2.8,3.225,12.539000000000001,0.018000000000000002,0.0030162290849367057,-0.029044104590194464,0.008004414574764418
20150403,0.5,100.527,101.4,-57.7,2.78,0.183,-2.8,3.225,12.539000000000001,0.018000000000000002,0.006189671016792908,-0.03748756777519546,0.007095834532607759
20150406,0.5,100.527,101.4,-56.5,2.78,0.183,-2.8,3.225,12.539000000000001,0.018000000000000002,0.008614385073834607,-0.047928451322801324,0.00730250653903175
20150407,0.5,100.527,101.4,-55.7,2.78,0.187,-2.8,3.225,12.539000000000001,0.016,0.010753052988920597,-0.045170978204505996,0.00788749223299734
20150408,0.5,100.527,101.4,-55.0,2.78,0.168,-2.8,3.225,12.539000000000001,0.013999999999999999,0.008974028053223226,-0.02776911258733583,0.006369029105755986
20150409,0.5,100.527,101.4,-53.5,2.78,0.159,-2.8,3.179,12.722000000000001,0.012,0.006893145296072545,-0.018683211089518426,0.008906573258026684
20150410,0.5,100.527,101.4,-52.2,2.78,0.156,-2.8,3.179,12.722000000000001,0.012,0.0035542853206740332,-0.007191226425649289,0.013129172531732736
20150413,0.5,100.527,101.4,-45.6,2.78,0.157,-2.8,3.179,12.722000000000001,0.011000000000000001,0.0024441153144992844,-0.0023778599502238817,0.01107495823210669
20150414,0.5,100.527,101.4,-48.0,2.78,0.14,-2.8,3.179,12.722000000000001,0.008,0.004116057352171687,0.0018396587774981432,0.013548318590754449
20150415,0.5,100.527,101.4,-49.0,0.98,0.109,-2.8,3.179,12.722000000000001,0.004,0.0012709045309913236,0.0057347760828095895,0.015908338924683907
20150416,0.5,100.527,101.4,-56.7,0.98,0.085,-2.8,3.1210000000000004,12.945,0.002,0.0026237027926188095,0.011318695280089663,0.014154326957090513
20150417,0.5,100.527,101.4,-54.2,0.98,0.079,-2.8,3.1210000000000004,12.945,0.001,0.0031129506750431357,0.015603517045930992,0.016476746417000587
20150420,0.5,100.527,101.4,-54.3,0.98,0.077,-2.8,3.1210000000000004,12.945,0.001,0.0006025114507721696,0.012998505794459159,0.02103818807618707
20150421,0.5,100.527,101.4,-53.1,0.98,0.10300000000000001,-2.8,3.1210000000000004,12.945,-0.001,0.0038437148571324187,0.013176346312238074,0.02440369326393199
20150422,0.5,100.527,101.4,-51.8,0.98,0.16,-2.8,3.1210000000000004,12.945,-0.002,0.0013674513827575119,0.02104534701427152,0.023831030014123677
20150423,0.5,100.527,101.4,-57.2,0.98,0.162,-2.8,3.123,12.859000000000002,-0.002,0.0011344054948362325,0.02387006409493586,0.02525249650776673
20150424,0.5,100.527,101.4,-57.7,0.98,0.157,-2.8,3.123,12.859000000000002,-0.001,0.004537008575358659,0.016461345132345206,0.025655577660458007
20150427,0.5,100.527,94.3,-56.0,0.98,0.16399999999999998,-2.8,3.123,12.859000000000002,-0.002,0.009531572227334362,0.0012306296934353478,0.021641835763398953
20150428,0.5,100.527,94.3,-58.5,0.98,0.163,-2.8,3.123,12.859000000000002,-0.005,0.009110054703733494,0.005142344422915612,0.018463954946183025
20150429,0.5,100.527,94.3,-66.8,0.98,0.284,-3.1,3.123,12.859000000000002,-0.005,0.008338467814707262,0.012004396456164579,0.015350473899839456
20150430,-0.11,100.432,94.3,-62.2,0.98,0.363,-3.1,3.1069999999999998,12.954,-0.005,0.009761473591879843,-0.002429905177375291,0.01376812309985942
20150501,-0.11,100.432,94.3,-62.3,0.98,0.363,-3.1,3.1069999999999998,12.954,-0.005,0.0034990095239568753,0.0023856117040614855,0.01760770591173788
20150504,-0.11,100.432,94.3,-56.1,0.98,0.45299999999999996,-3.1,3.1069999999999998,12.954,-0.006999999999999999,0.001641731813232683,0.00407562420306018,0.015710728092674264
20150505,-0.11,100.432,94.3,-65.3,0.98,0.517,-3.1,3.1069999999999998,12.954,-0.008,0.0018072411466878435,0.020556873309988122,0.013699745250105755
20150506,-0.11,100.432,94.3,-67.3,0.98,0.5870000000000001,-3.1,3.1069999999999998,12.954,-0.008,0.005354880862857625,0.006586164809829764,0.01438656130809024
20150507,-0.11,100.432,94.3,-64.7,0.98,0.596,-3.1,3.159,12.607999999999999,-0.009000000000000001,0.0004997136504174549,0.012030778447105206,0.012958934346083861
20150508,-0.11,100.432,94.3,-64.3,0.98,0.545,-3.1,3.159,12.607999999999999,-0.009000000000000001,0.0025069029956537037,0.006846428978305674,0.012438023935481324
20150511,-0.11,100.432,94.3,-61.0,0.98,0.599,-3.1,3.159,12.607999999999999,-0.009000000000000001,0.005061973418296173,0.009516995169064346,0.010247101200236752
20150512,-0.11,100.432,94.3,-59.5,0.98,0.68,-3.1,3.159,12.607999999999999,-0.009000000000000001,0.006755024023327838,0.007953221010190914,0.009145807045868093
20150513,-0.11,100.432,94.3,-63.8,0.98,0.72,-3.1,3.159,12.607999999999999,-0.009000000000000001,0.011958133471825505,0.0009539763190846706,0.0061748566821899775
20150514,-0.11,100.432,94.3,-62.0,0.98,0.7,-3.1,3.088,12.675,-0.009000000000000001,0.01097651160145574,-0.011642056469515882,0.007290658621460722
20150515,-0.11,100.432,94.3,-71.6,1.88,0.64,-3.1,3.088,12.675,-0.01,0.013726838441991074,-0.014128233451479844,0.0073844085032142015
20150518,-0.11,100.432,94.3,-72.4,1.88,0.649,-3.1,3.088,12.675,-0.011000000000000001,0.013184994544526818,-0.014558377567823189,0.009036779218166036
20150519,-0.11,100.432,94.3,-64.5,1.88,0.613,-3.1,3.088,12.675,-0.012,0.01140788502861212,-0.01819852904334096,0.006355946512753952
20150520,-0.11,100.432,94.3,-64.3,1.88,0.627,-3.1,3.088,12.675,-0.012,0.010985197748404452,-0.018000692447227795,0.007246726872805809
20150521,-0.11,100.432,94.3,-65.3,1.88,0.634,-3.1,3.0639999999999996,12.812999999999999,-0.012,0.009953310293692064,-0.013818095087117399,0.008612722707741605
20150522,-0.11,100.432,94.3,-62.1,1.88,0.603,-3.1,3.0639999999999996,12.812999999999999,-0.012,0.00497279095522607,0.0011485218308738832,0.008151981919187534
20150525,-0.11,100.432,94.3,-62.1,1.88,0.603,-3.1,3.0639999999999996,12.812999999999999,-0.012,0.0042850529577656005,0.010787011336911956,0.0073246289588573266
20150526,-0.11,100.432,94.3,-56.8,1.88,0.5539999999999999,-3.1,3.0639999999999996,12.812999999999999,-0.013000000000000001,0.003607089217026238,0.019212838088238593,0.005507088924428638
20150527,-0.11,100.432,94.6,-55.6,1.88,0.547,-3.1,3.0639999999999996,12.812999999999999,-0.013000000000000001,0.0034149109911102427,0.012507507091999104,0.00539181997963778
20150528,-0.11,100.432,94.6,-56.8,1.88,0.536,-3.1,3.062,12.847000000000001,-0.013000000000000001,0.004851513937473628,0.012159666884755116,0.0057451340055726385
20150529,-0.11,100.432,94.6,-54.2,1.88,0.486,-2.9,3.062,12.847000000000001,-0.012,0.006884245732160288,0.014525579527862709,0.00401748240319566
20150601,-0.76,100.329,94.6,-52.5,1.88,0.531,-2.9,3.062,12.847000000000001,-0.013000000000000001,0.005880747465509595,0.01638591998942751,0.002882793826720187
20150602,-0.76,100.329,94.6,-53.1,1.88,0.6970000000000001,-2.9,3.062,12.847000000000001,-0.013000000000000001,0.008350505073764669,0.004059087485199675,-0.0007271676649943659
20150603,-0.76,100.329,94.6,-51.5,1.88,0.878,-2.9,3.062,12.847000000000001,-0.013999999999999999,0.010824742979598123,-0.007923244494907666,-0.004721148083770443
20150604,-0.76,100.329,94.6,-50.5,1.88,0.8320000000000001,-2.9,3.092,12.67,-0.013000000000000001,0.012108435374479587,-0.008551101208777001,-0.007567790143187758
20150605,-0.76,100.329,94.6,-47.9,1.88,0.85,-2.9,3.092,12.67,-0.013000000000000001,0.007377571098525215,0.00849039260295148,-0.00909576321474681
20150608,-0.76,100.329,94.6,-44.6,1.88,0.89,-2.9,3.092,12.67,-0.013000000000000001,0.007698173552192822,0.00804062200338107,-0.008977040800065672
20150609,-0.76,100.329,94.6,-42.7,1.88,0.9540000000000001,-2.9,3.092,12.67,-0.013000000000000001,0.005966921633536848,0.006684500639015045,-0.010483327975188472
20150610,-0.76,100.329,94.6,-41.2,1.88,0.99,-2.9,3.092,12.67,-0.013999999999999999,0.008239731744384748,-0.002444417509493757,-0.010474131042466972
20150611,-0.76,100.329,94.6,-37.7,1.88,0.899,-2.9,3.137,12.543,-0.013999999999999999,0.00845874530823909,-0.0024343567378571906,-0.010275937786273448
20150612,-0.76,100.329,94.6,-33.0,1.88,0.852,-2.9,3.137,12.543,-0.013999999999999999,0.009891649922978862,0.0008504333119625507,-0.012625989226152212
20150615,-0.76,100.329,94.6,-30.4,2.37,0.8270000000000001,-2.9,3.137,12.543,-0.013999999999999999,0.009187632822167058,0.009828793456395313,-0.01343563496068112
20150616,-0.76,100.329,94.6,-32.9,2.67,0.804,-2.9,3.137,12.543,-0.013999999999999999,0.008155428004999354,0.010114137855622318,-0.012811176895815901
20150617,-0.76,100.329,94.6,-32.9,2.67,0.8140000000000001,-2.9,3.137,12.543,-0.013999999999999999,0.005237743284675189,0.016401704972740183,-0.012746783668385109
20150618,-0.76,100.329,94.6,-35.8,2.67,0.805,-2.9,3.175,12.511,-0.013999999999999999,0.006263645347390434,0.004747191404876783,-0.013452652780512553
20150619,-0.76,100.329,94.6,-36.0,2.67,0.76,-2.9,3.175,12.511,-0.013999999999999999,0.009207743949310121,0.0006511951756195122,-0.013681870680703812
20150622,-0.76,100.329,94.6,-38.0,2.67,0.8859999999999999,-2.9,3.175,12.511,-0.013999999999999999,0.01553281798716244,-0.030744852301461623,-0.018243359018388028
20150623,-0.76,100.329,94.6,-36.8,2.67,0.867,-2.9,3.175,12.511,-0.013999999999999999,0.015844409345147192,-0.027069011134746024,-0.01916949061917106
20150624,-0.76,100.329,94.6,-35.9,2.67,0.8440000000000001,-2.9,3.175,12.511,-0.013999999999999999,0.01845904565019363,-0.030156117124797044,-0.01803726277725215
20150625,-0.76,100.329,99.8,-32.7,2.67,0.863,-2.9,3.113,12.744000000000002,-0.015,0.01790557366141321,-0.03350164107732856,-0.015659426493204065
20150626,-0.76,100.329,99.8,-30.6,2.67,0.92,-2.9,3.113,12.744000000000002,-0.015,0.015711557958127065,-0.030567444771708252,-0.015773791580871777
20150629,-0.76,100.329,99.8,-29.1,2.67,0.802,-3.4,3.113,12.744000000000002,-0.016,0.014824345598727806,-0.014446634066231145,-0.00992027142884555
20150630,-1.4,100.209,99.8,-28.8,2.67,0.77,-3.4,3.113,12.744000000000002,-0.013999999999999999,0.010286418595215618,-0.002145230188055458,-0.009096990889739476
20150701,-1.4,100.209,99.8,-24.1,2.67,0.823,-3.4,3.113,12.744000000000002,-0.013999999999999999,0.010780189750295155,-0.01122330971440555,-0.013424668178597443
20150702,-1.4,100.209,99.8,-25.1,2.67,0.846,-3.4,3.1039999999999996,12.35,-0.015,0.012181055648652572,-0.003512373494844123,-0.013459828561725562
20150703,-1.4,100.209,99.8,-24.5,2.67,0.794,-3.4,3.1039999999999996,12.35,-0.015,0.009611378494583267,0.0013987093609875156,-0.01407066523202094
20150706,-1.4,100.209,99.8,-23.6,2.67,0.7709999999999999,-3.4,3.1039999999999996,12.35,-0.016,0.004970421189667507,0.014309725527870909,-0.011002619347234344
20150707,-1.4,100.209,99.8,-21.5,2.67,0.637,-3.4,3.1039999999999996,12.35,-0.018000000000000002,-0.002186815646694207,0.0453428689775871,-0.008898393669932503
20150708,-1.4,100.209,99.8,-20.7,2.67,0.684,-3.4,3.1039999999999996,12.35,-0.018000000000000002,0.002256811548733917,0.019912050176024265,-0.008194714652351998
20150709,-1.4,100.209,99.8,-22.9,2.67,0.73,-3.4,3.1710000000000003,12.095999999999998,-0.018000000000000002,0.005485806537382065,0.004648392519388533,-0.012892535014289885
20150710,-1.4,100.209,99.8,-21.8,2.67,0.894,-3.4,3.1710000000000003,12.095999999999998,-0.018000000000000002,0.008197835044368662,-0.019108039266537813,-0.015926362449874998
20150713,-1.4,100.209,99.8,-17.1,2.67,0.8490000000000001,-3.4,3.1710000000000003,12.095999999999998,-0.019,0.006092967058396792,-0.010750243456965292,-0.01719308056924651
20150714,-1.4,100.209,99.8,-22.9,2.67,0.843,-3.4,3.1710000000000003,12.095999999999998,-0.019,0.006676341277904729,-0.006834119173857456,-0.017599672067280303
20150715,-1.4,100.209,99.8,-21.5,2.46,0.772,-3.4,3.1710000000000003,12.095999999999998,-0.019,0.007611916968572441,-0.008583752210244766,-0.02149300281638511
20150716,-1.4,100.209,99.8,-20.8,2.46,0.792,-3.4,3.062,12.557,-0.019,0.00840954363761992,-0.010329592959055,-0.02260012847624282
20150717,-1.4,100.209,99.8,-18.0,2.46,0.79,-3.4,3.062,12.557,-0.019,0.007881124131452588,-0.006701611653194606,-0.020177138747487278
20150720,-1.4,100.209,99.8,-14.8,2.46,0.7659999999999999,-3.4,3.062,12.557,-0.019,0.00825173799470802,-0.011253669161521263,-0.01944030461277213
20150721,-1.4,100.209,99.8,-13.2,2.46,0.779,-3.4,3.062,12.557,-0.019,0.010682875250583423,-0.010177847066784262,-0.021194777870759296
20150722,-1.4,100.209,99.8,-12.3,2.46,0.746,-3.4,3.062,12.557,-0.019,0.008220132722751905,-0.009010776667931375,-0.02476418635678157
20150723,-1.4,100.209,99.8,-7.0,2.46,0.743,-3.4,3.035,12.708,-0.019,0.01132839357822324,-0.017675846976388132,-0.02470231241880605
20150724,-1.4,100.209,99.8,-14.4,2.46,0.703,-3.4,3.035,12.708,-0.019,0.012730674169330936,-0.018042536428284683,-0.025936855256740277
20150727,-1.4,100.209,91.0,-10.5,2.46,0.695,-3.4,3.035,12.708,-0.02,0.01432977385846168,-0.016277520178749727,-0.026161548140034352
20150728,-1.4,100.209,91.0,-15.8,2.46,0.6920000000000001,-3.4,3.035,12.708,-0.021,0.011190458585308205,-0.01552787195340477,-0.02296349847806589
20150729,-1.4,100.209,91.0,-14.9,2.46,0.7120000000000001,-2.8,3.035,12.708,-0.022000000000000002,0.011027455347656367,-0.01155469957342603,-0.0238502176678812
20150730,-1.4,100.051,91.0,-16.3,2.46,0.655,-2.8,3.185,12.459000000000001,-0.023,0.012080324612393722,-0.0052681747051930294,-0.025585535400864723
20150731,-0.93,100.051,91.0,-15.4,2.46,0.647,-2.8,3.185,12.459000000000001,-0.023,0.018863844509425243,-0.017999697741137966,-0.027184179830617272
20150803,-0.93,100.051,91.0,-14.0,2.46,0.634,-2.8,3.185,12.459000000000001,-0.023,0.020730124879552836,-0.025638377304541327,-0.029607610444810195
20150804,-0.93,100.051,91.0,-14.0,2.46,0.636,-2.8,3.185,12.459000000000001,-0.023,0.021782956767194994,-0.024417327245064846,-0.03137792472737855
20150805,-0.93,100.051,91.0,-8.2,2.46,0.752,-2.8,3.185,12.459000000000001,-0.024,0.022573423275527027,-0.02868492657572963,-0.028996595980060325
20150806,-0.93,100.051,91.0,-7.6,2.46,0.705,-2.8,3.161,12.442,-0.024,0.025751403587116695,-0.03944952500952992,-0.03039740333618368
20150807,-0.93,100.051,91.0,-8.2,2.46,0.659,-2.8,3.161,12.442,-0.024,0.025982512460016927,-0.04022993155835919,-0.029591727764007536
20150810,-0.93,100.051,91.0,-5.9,2.46,0.7040000000000001,-2.8,3.161,12.442,-0.024,0.023625720821171314,-0.041171398971826756,-0.025327951268767523
20150811,-0.93,100.051,91.0,-5.4,2.46,0.629,-2.8,3.161,12.442,-0.024,0.023032532184251275,-0.03958363390483055,-0.024325167779047252
20150812,-0.93,100.051,91.0,-4.1,2.46,0.605,-2.8,3.161,12.442,-0.024,0.016385211971162272,-0.025111106001188155,-0.01786565063611134
20150813,-0.93,100.051,91.0,-5.4,2.46,0.634,-2.8,3.2239999999999998,12.385,-0.024,0.01833488867595756,-0.030260682057560162,-0.019292878563770044
20150814,-0.93,100.051,91.0,-4.4,2.46,0.6579999999999999,-2.8,3.2239999999999998,12.385,-0.025,0.014349633164889686,-0.020410289720631414,-0.019937197611764934
20150817,-0.93,100.051,91.0,-9.2,3.0,0.631,-2.8,3.2239999999999998,12.385,-0.027000000000000003,0.013197209136481591,-0.01717143141044053,-0.017931465524311685
20150818,-0.93,100.051,91.0,-8.2,3.0,0.6409999999999999,-2.8,3.2239999999999998,12.385,-0.027999999999999997,0.013148742291694826,-0.016099515648353768,-0.01913677884438081
20150819,-0.93,100.051,91.0,-15.8,3.0,0.633,-2.8,3.2239999999999998,12.385,-0.028999999999999998,0.012264744635675173,-0.012109966437022779,-0.021590324328643495
20150820,-0.93,100.051,91.0,-17.1,3.0,0.585,-2.8,3.282,12.203,-0.03,0.017602659913010577,-0.02027808755415883,-0.02236724393667333
20150821,-0.93,100.051,91.0,-18.2,3.0,0.57,-2.8,3.282,12.203,-0.031,0.02402693979160264,-0.03361208172311758,-0.024287645063420626
20150824,-0.93,100.051,91.0,-18.6,3.0,0.574,-2.8,3.282,12.203,-0.032,0.027871274241641153,-0.04598719782638305,-0.018611496629411084
20150825,-0.93,100.051,91.0,-15.3,3.0,0.752,-2.8,3.282,12.203,-0.033,0.03880025958620004,-0.08098080242773564,-0.02784954439546805
20150826,-0.93,100.051,91.0,-9.3,3.0,0.7090000000000001,-2.8,3.282,12.203,-0.033,0.01971299827399009,-0.04177352643526211,-0.022607766377600536
20150827,-0.93,100.051,101.3,-2.7,3.0,0.741,-2.8,3.549,11.293,-0.033,0.014604508957005269,-0.030984178584239963,-0.022072195935225913
20150828,-0.93,100.051,101.3,-7.5,3.0,0.726,-2.8,3.549,11.293,-0.033,0.01770606290164367,-0.025623782036805265,-0.01694114861810503
20150831,-0.87,100.051,101.3,-8.2,3.0,0.794,-3.7,3.549,11.293,-0.033,0.017993342601000162,-0.027531904528174556,-0.015486106880457262
20150901,-0.87,99.86399999999999,101.3,-12.6,3.0,0.807,-3.7,3.549,11.293,-0.033,0.01977186461751068,-0.03743370121714462,-0.012468352528311355
20150902,-0.87,99.86399999999999,101.3,-15.9,3.0,0.7959999999999999,-3.7,3.549,11.293,-0.033,0.011516352036025523,-0.02853163308727602,-0.006151331948198946
20150903,-0.87,99.86399999999999,101.3,-14.7,3.0,0.731,-3.7,3.537,11.187999999999999,-0.033,0.013801992506670135,-0.03425616554063837,-0.00586597267807254
20150904,-0.87,99.86399999999999,101.3,-15.6,3.0,0.665,-3.7,3.537,11.187999999999999,-0.034,0.012392099512650967,-0.02629753358817677,-0.0027841730076132443
20150907,-0.87,99.86399999999999,101.3,-16.1,3.0,0.675,-3.7,3.537,11.187999999999999,-0.034,0.014690048475183959,-0.03260306504859378,-0.002532033162784497
20150908,-0.87,99.86399999999999,101.3,-16.6,3.0,0.682,-3.7,3.537,11.187999999999999,-0.035,0.008850302008027722,-0.029321910444549903,-0.00646457673632006
20150909,-0.87,99.86399999999999,101.3,-16.9,3.0,0.705,-3.7,3.537,11.187999999999999,-0.035,0.022483724990972842,-0.036639859066065705,-0.014580648268285978
20150910,-0.87,99.86399999999999,101.3,-16.6,3.0,0.695,-3.7,3.54,11.2,-0.036000000000000004,0.016627659739525846,-0.03361742734011797,-0.01440818328555138
20150911,-0.87,99.86399999999999,101.3,-22.2,3.0,0.6579999999999999,-3.7,3.54,11.2,-0.038,0.014611387792814234,-0.02760876138130519,-0.015197357849805915
20150914,-0.87,99.86399999999999,101.3,-20.3,3.0,0.6579999999999999,-3.7,3.54,11.2,-0.038,0.01658341389529472,-0.030628688490443423,-0.01688600840860044
20150915,-0.87,99.86399999999999,101.3,-24.7,2.27,0.7390000000000001,-3.7,3.54,11.2,-0.036000000000000004,0.012092817817135337,-0.027893825062540012,-0.01373071851376384
20150916,-0.87,99.86399999999999,101.3,-23.5,2.27,0.779,-3.7,3.54,11.2,-0.037000000000000005,0.014286202757958888,-0.028548739695557268,-0.010719165683904519
20150917,-0.87,99.86399999999999,101.3,-27.3,2.27,0.7859999999999999,-3.7,3.488,11.39,-0.037000000000000005,0.015282827512123731,-0.03173869652190664,-0.004245984742819786
20150918,-0.87,99.86399999999999,101.3,-27.4,2.27,0.665,-3.7,3.488,11.39,-0.037000000000000005,0.016795759355688,-0.02666196982508695,-0.001947435649972462
20150921,-0.87,99.86399999999999,101.3,-27.7,2.27,0.68,-3.7,3.488,11.39,-0.038,0.0104234291352161,-0.017048935005488985,-0.0031909505934855087
20150922,-0.87,99.86399999999999,101.3,-28.3,2.27,0.6,-3.7,3.488,11.39,-0.039,0.005920736208927968,0.00502765904811775,-0.0038491451082487416
20150923,-0.87,99.86399999999999,101.3,-28.2,2.27,0.598,-3.7,3.488,11.39,-0.039,0.006675418182714443,-0.0006252727598270447,-0.002508580529833715
20150924,-0.87,99.86399999999999,101.3,-27.5,2.27,0.5920000000000001,-3.7,3.563,11.142999999999999,-0.04,0.004359718526550482,0.0009212218641916348,-0.002029192654683376
20150925,-0.87,99.86399999999999,102.6,-25.0,2.27,0.648,-3.7,3.563,11.142999999999999,-0.040999999999999995,0.00945686685506164,-0.013526431859825383,-0.01205928620526664
20150928,-0.87,99.86399999999999,102.6,-23.8,2.27,0.599,-3.7,3.563,11.142999999999999,-0.040999999999999995,0.015165250328600166,-0.01577403859028137,-0.01608084104584173
20150929,-0.87,99.86399999999999,102.6,-20.4,2.27,0.5870000000000001,-2.2,3.563,11.142999999999999,-0.040999999999999995,0.006738209008212648,-0.02039187255079411,-0.016512461618668706
20150930,-1.45,99.675,102.6,-20.5,2.27,0.59,-2.2,3.563,11.142999999999999,-0.04,0.006879916571192357,-0.018878067023401,-0.013217200415439834
20151001,-1.45,99.675,102.6,-22.3,2.27,0.545,-2.2,3.623,10.918,-0.043,0.009070824405518652,-0.013235480518515086,-0.016219740553728546
20151002,-1.45,99.675,102.6,-29.7,2.27,0.517,-2.2,3.623,10.918,-0.044000000000000004,0.00717533807446924,-0.018400313819211256,-0.007604663856657812
20151005,-1.45,99.675,102.6,-29.7,2.27,0.565,-2.2,3.623,10.918,-0.046,0.008382293888768766,-0.02848195166181333,-0.010535784975462814
20151006,-1.45,99.675,102.6,-29.4,2.27,0.601,-2.2,3.623,10.918,-0.046,0.014031946209526192,-0.04120459375771457,-0.01359226375991307
20151007,-1.45,99.675,102.6,-28.9,2.27,0.5920000000000001,-2.2,3.623,10.918,-0.046,0.012504082691159546,-0.03299773612456047,-0.017623215607320053
20151008,-1.45,99.675,102.6,-26.8,2.27,0.589,-2.2,3.4739999999999998,11.437000000000001,-0.048,0.009715871961293754,-0.030589595592851904,-0.01540037779652359
20151009,-1.45,99.675,102.6,-26.3,2.27,0.622,-2.2,3.4739999999999998,11.437000000000001,-0.049,0.014817954211302053,-0.03359325336308061,-0.015362790489102274
20151012,-1.45,99.675,102.6,-24.3,2.27,0.581,-2.2,3.4739999999999998,11.437000000000001,-0.049,0.012170879348391783,-0.02649422959011949,-0.015773147009093713
20151013,-1.45,99.675,102.6,-24.1,2.27,0.591,-2.2,3.4739999999999998,11.437000000000001,-0.049,0.012100604938111825,-0.02722263529520852,-0.014756460932913495
20151014,-1.45,99.675,102.6,-26.7,2.27,0.546,-2.2,3.4739999999999998,11.437000000000001,-0.049,0.011974414407085576,-0.028823524670677392,-0.014099805410233257
20151015,-1.45,99.675,102.6,-18.5,2.86,0.557,-2.2,3.486,11.432,-0.052000000000000005,0.011735457800160498,-0.025101965737356458,-0.01866692448115037
20151016,-1.45,99.675,102.6,-14.8,2.86,0.5489999999999999,-2.2,3.486,11.432,-0.051,0.010931188465851727,-0.0246154926738108,-0.02330235632535771
20151019,-1.45,99.675,102.6,-11.3,2.86,0.5670000000000001,-2.2,3.486,11.432,-0.054000000000000006,0.012198645887618986,-0.028674833356481577,-0.027996351958644028
20151020,-1.45,99.675,102.6,-7.2,2.86,0.629,-2.2,3.486,11.432,-0.053,0.012829668185496579,-0.027191323190638772,-0.03478815323320994
20151021,-1.45,99.675,102.6,-5.6,2.86,0.573,-2.2,3.486,11.432,-0.053,0.018142341758260905,-0.03459478119480652,-0.03733020955928168
20151022,-1.45,99.675,102.6,-5.3,2.86,0.502,-2.2,3.426,11.672,-0.053,0.011347751876841672,-0.026011200068821183,-0.038584533486475836
20151023,-1.45,99.675,102.6,-0.1,2.86,0.508,-2.2,3.426,11.672,-0.061,0.01182957855481781,-0.02369533226094811,-0.04062049084076258
20151026,-1.45,99.675,102.6,-7.7,2.86,0.5,-2.2,3.426,11.672,-0.064,0.011131258356282703,-0.01895014355446334,-0.04202482407580099
20151027,-1.45,99.675,99.1,-10.1,2.86,0.444,-2.2,3.426,11.672,-0.066,0.007796841907893537,-0.013668990043804397,-0.042030698258913035
20151028,-1.45,99.675,99.1,-10.0,2.86,0.445,-2.2,3.426,11.672,-0.067,0.0059782822508058775,-0.016454014929301874,-0.04428840279831714
20151029,-1.45,99.675,99.1,-10.5,2.86,0.537,-1.9,3.335,12.011,-0.068,0.0036664242481216913,-0.012894663139882967,-0.04028315930334114
20151030,-1.45,99.515,99.1,-12.7,2.86,0.525,-1.9,3.335,12.011,-0.068,0.007375118186599416,-0.024744178142015905,-0.03872934795701888
20151102,-1.69,99.515,99.1,-13.1,2.86,0.56,-1.9,3.335,12.011,-0.066,0.003321302441714802,-0.02887616390371084,-0.041924751819524486
20151103,-1.69,99.515,99.1,-13.4,2.86,0.575,-1.9,3.335,12.011,-0.069,0.0024348718158330174,-0.024141149228148806,-0.04065740345112312
20151104,-1.69,99.515,99.1,-6.5,2.86,0.604,-1.9,3.335,12.011,-0.069,0.0024265032188740543,-0.016680033709529418,-0.041652678329480275
20151105,-1.69,99.515,99.1,-8.4,2.86,0.609,-1.9,3.373,11.864,-0.071,0.002277165286440952,-0.02232952066479743,-0.04438858022139469
20151106,-1.69,99.515,99.1,0.0,2.86,0.6970000000000001,-1.9,3.373,11.864,-0.073,0.0007448957138288526,-0.022124096948979433,-0.051557824275920705
20151109,-1.69,99.515,99.1,0.6,2.86,0.667,-1.9,3.373,11.864,-0.073,0.002536320099405298,-0.015378725182587982,-0.0521101022614201
20151110,-1.69,99.515,99.1,0.9,2.86,0.626,-1.9,3.373,11.864,-0.077,0.0013680506161425354,-0.015410724236733953,-0.055451174776946166
20151111,-1.69,99.515,99.1,1.0,2.86,0.614,-1.9,3.373,11.864,-0.079,0.007636562645161105,-0.025724680221131058,-0.060259131206690464
20151112,-1.69,99.515,99.1,0.5,2.86,0.607,-1.9,3.365,11.895,-0.081,0.01018921430380093,-0.02226744018741611,-0.06232337210939487
20151113,-1.69,99.515,99.1,0.0,2.86,0.562,-1.9,3.365,11.895,-0.083,0.011335637271168486,-0.024551328680200712,-0.06373291056214825
20151116,-1.69,99.515,99.1,1.5,2.27,0.5329999999999999,-1.9,3.365,11.895,-0.086,0.006151885955672842,-0.01844574650618591,-0.05981171456419643
20151117,-1.69,99.515,99.1,-2.8,2.37,0.531,-1.9,3.365,11.895,-0.091,0.011851278833292622,-0.02870013078731315,-0.05848976247017901
20151118,-1.69,99.515,99.1,-9.0,2.37,0.509,-1.9,3.365,11.895,-0.092,0.005286966137165283,-0.0175757956835616,-0.05750494295248498
20151119,-1.69,99.515,99.1,-8.6,2.37,0.48,-1.9,3.363,11.922,-0.092,0.012064289593829658,-0.0274991189298035,-0.06234801330044448
20151120,-1.69,99.515,99.1,-9.1,2.37,0.48,-1.9,3.363,11.922,-0.095,0.010465962682855379,-0.021264381539284782,-0.06123949976651688
20151123,-1.69,99.515,99.1,-12.8,2.37,0.534,-1.9,3.363,11.922,-0.099,0.009963128160236812,-0.023475680228506768,-0.062463165654181085
20151124,-1.69,99.515,99.1,-17.2,2.37,0.512,-1.9,3.363,11.922,-0.10400000000000001,0.009271615823497892,-0.018662193608357525,-0.06174564993441445
20151125,-1.69,99.515,99.1,-16.5,2.37,0.47600000000000003,-1.9,3.363,11.922,-0.10400000000000001,0.011366458827996917,-0.02883489576132403,-0.061071134838998065
20151126,-1.69,99.515,92.6,-16.1,2.37,0.47100000000000003,-1.9,3.366,11.934000000000001,-0.109,0.014655978175346362,-0.03743622907579036,-0.06154147126390497
20151127,-1.69,99.515,92.6,-15.5,2.37,0.455,-1.9,3.366,11.934000000000001,-0.113,0.014193777413403996,-0.03638040047474389,-0.06094569626922963
20151130,-3.02,99.515,92.6,-14.4,2.37,0.475,-3.3,3.366,11.934000000000001,-0.114,0.01395779380268558,-0.03951482528986294,-0.058227167271727054
20151201,-3.02,99.37899999999999,92.6,-20.2,2.37,0.469,-3.3,3.366,11.934000000000001,-0.11599999999999999,0.01198187974321463,-0.028574564038974737,-0.05657678399962307
20151202,-3.02,99.37899999999999,92.6,-17.7,2.37,0.46799999999999997,-3.3,3.366,11.934000000000001,-0.11800000000000001,0.013575146341875732,-0.029226531107058085,-0.054186675022177444
20151203,-3.02,99.37899999999999,92.6,-21.8,2.37,0.664,-3.3,3.35,11.978,-0.124,0.01766713107265705,-0.0357018215838405,-0.05424462373124217
20151204,-3.02,99.37899999999999,92.6,-25.8,2.37,0.688,-3.3,3.35,11.978,-0.113,0.006869711505104847,-0.026716780878175306,-0.05300428044288885
20151207,-3.02,99.37899999999999,92.6,-24.3,2.37,0.586,-3.3,3.35,11.978,-0.113,0.009918678998667052,-0.03420189490456005,-0.0512693417987069
20151208,-3.02,99.37899999999999,92.6,-23.6,2.37,0.5710000000000001,-3.3,3.35,11.978,-0.11599999999999999,0.0070042217768128134,-0.027559618953825527,-0.04786514590779589
20151209,-3.02,99.37899999999999,92.6,-22.4,2.37,0.606,-3.3,3.35,11.978,-0.11900000000000001,0.010744413345638582,-0.030642484025577454,-0.04648917994131818
20151210,-3.02,99.37899999999999,92.6,-23.8,2.37,0.5710000000000001,-3.3,3.447,11.645999999999999,-0.125,0.007446917560652855,-0.02277272436449851,-0.04275958727288354
20151211,-3.02,99.37899999999999,92.6,-22.3,2.37,0.542,-3.3,3.447,11.645999999999999,-0.128,0.011997213601086187,-0.02208929356495415,-0.04094917624616001
20151214,-3.02,99.37899999999999,92.6,-20.7,2.37,0.563,-3.3,3.447,11.645999999999999,-0.129,0.005968144712407919,-0.008451019786522851,-0.03729345621419344
20151215,-3.02,99.37899999999999,92.6,-22.2,0.98,0.6509999999999999,-3.3,3.447,11.645999999999999,-0.132,0.003344476981040345,-0.016385331118721758,-0.040364812496861746
20151216,-3.02,99.37899999999999,92.6,-23.0,0.98,0.68,-3.3,3.447,11.645999999999999,-0.133,0.002417708277475339,-0.007821037305718925,-0.041528497703215095
20151217,-3.02,99.37899999999999,92.6,-23.9,0.98,0.601,-3.3,3.46,11.594000000000001,-0.133,0.010452972587960851,-0.022700237981563176,-0.044739666826861146
20151218,-3.02,99.37899999999999,92.6,-23.9,0.98,0.551,-3.3,3.46,11.594000000000001,-0.131,0.014464767885124408,-0.0253780321520356,-0.04563504122239326
20151221,-3.02,99.37899999999999,92.6,-30.4,0.98,0.5539999999999999,-3.3,3.46,11.594000000000001,-0.13,0.010569989438491745,-0.01588181066617733,-0.044930556221841944
20151222,-3.02,99.37899999999999,92.6,-29.2,0.98,0.597,-3.3,3.46,11.594000000000001,-0.131,0.010411144392787786,-0.01724012262781538,-0.047061694752580596
20151223,-3.02,99.37899999999999,92.6,-32.8,0.98,0.628,-3.3,3.46,11.594000000000001,-0.131,0.011080546280160974,-0.02098596725858326,-0.047886579140476004
20151224,-3.02,99.37899999999999,92.6,-32.2,0.98,0.628,-3.3,3.418,11.68,-0.131,0.014357043896872201,-0.028393908002344537,-0.05254269762908703
20151225,-3.02,99.37899999999999,96.3,-32.2,0.98,0.628,-3.3,3.418,11.68,-0.131,0.015027246347233847,-0.03108562274669624,-0.055256645476690736
20151228,-3.02,99.37899999999999,96.3,-31.2,0.98,0.556,-3.3,3.418,11.68,-0.131,0.01568691278226919,-0.026038654044846288,-0.057054349987855524
20151229,-3.02,99.37899999999999,96.3,-28.7,0.98,0.634,-2.0,3.418,11.68,-0.132,0.014102465587621626,-0.024894631377072374,-0.05650907157758556
20151230,-3.02,99.26,96.3,-27.5,0.98,0.634,-2.0,3.418,11.68,-0.132,0.017477241240760888,-0.024798470009675277,-0.05740356657078294
20151231,-3.25,99.26,96.3,-31.8,0.98,0.634,-2.0,3.366,11.805,-0.131,0.019579575028464746,-0.02288746327622615,-0.05886029357403233
20160101,-3.25,99.26,96.3,-31.7,0.98,0.634,-2.0,3.366,11.805,-0.131,0.020612660253483295,-0.023723348505063413,-0.059692200624854475
20160104,-3.25,99.26,96.3,-34.4,0.98,0.564,-2.0,3.366,11.805,-0.132,0.0191205628330412,-0.014280389049550535,-0.05894433257500209
20160105,-3.25,99.26,96.3,-34.8,0.98,0.547,-2.0,3.366,11.805,-0.133,0.018403511790466287,-0.01531810102241049,-0.061393398955056355
20160106,-3.25,99.26,96.3,-29.3,0.98,0.513,-2.0,3.366,11.805,-0.136,0.018780474222829024,-0.01790432565445177,-0.0625283525631184
20160107,-3.25,99.26,96.3,-29.8,0.98,0.545,-2.0,3.4810000000000003,11.339,-0.142,0.021032800562987175,-0.028673376529142036,-0.06333031512258813
20160108,-3.25,99.26,96.3,-21.3,0.98,0.509,-2.0,3.4810000000000003,11.339,-0.14300000000000002,0.02155736304720346,-0.030441444256123384,-0.061411701803921415
20160111,-3.25,99.26,96.3,-22.6,0.98,0.5429999999999999,-2.0,3.4810000000000003,11.339,-0.14300000000000002,0.017175376265901487,-0.023851941920706166,-0.05964296054880147
20160112,-3.25,99.26,96.3,-24.1,0.98,0.531,-2.0,3.4810000000000003,11.339,-0.14400000000000002,0.010704819821408584,-0.028724531793671293,-0.052541631208465445
20160113,-3.25,99.26,96.3,-24.7,0.98,0.507,-2.0,3.4810000000000003,11.339,-0.14400000000000002,0.024196671484106202,-0.043300951468715265,-0.052409873778504035
20160114,-3.25,99.26,96.3,-26.3,0.98,0.507,-2.0,3.68,10.75,-0.14300000000000002,0.010576346043050577,-0.020649335234542043,-0.0422362939041363
20160115,-3.25,99.26,96.3,-33.8,3.73,0.47200000000000003,-2.0,3.68,10.75,-0.142,0.01323306703396776,-0.021250075019815906,-0.036728346165455505
20160118,-3.25,99.26,96.3,-34.2,3.73,0.47,-2.0,3.68,10.75,-0.142,0.007330182684720965,-0.008167754898648516,-0.029826780311553502
20160119,-3.25,99.26,96.3,-35.2,3.73,0.483,-2.0,3.68,10.75,-0.14300000000000002,0.010734645554103306,-0.019767117433745263,-0.028392176033620986
20160120,-3.25,99.26,96.3,-45.1,3.73,0.488,-2.0,3.68,10.75,-0.14400000000000002,0.0026469109521198853,-0.003788448902309449,-0.01443259706332678
20160121,-3.25,99.26,96.3,-45.7,3.73,0.45399999999999996,-2.0,3.801,10.474,-0.146,-0.0010117205874440316,-0.015000541903564812,-0.00590254918313593
20160122,-3.25,99.26,96.3,-43.5,3.73,0.486,-2.0,3.801,10.474,-0.152,0.0034045500908785886,-0.016244017527224486,-0.001640714638145191
20160125,-3.25,99.26,96.3,-40.7,3.73,0.47700000000000004,-2.0,3.801,10.474,-0.155,0.010804841680869925,-0.021666050930618352,0.005561413171135676
20160126,-3.25,99.26,96.3,-39.4,3.73,0.44299999999999995,-2.0,3.801,10.474,-0.158,0.00535262884102039,-0.021859562894661844,0.0061731366889692385
20160127,-3.25,99.26,97.8,-33.3,3.73,0.444,-2.0,3.801,10.474,-0.159,0.01309120504888317,-0.03042886474208162,0.0013497317737751757
20160128,-3.25,99.26,97.8,-47.3,3.73,0.406,-2.0,3.812,10.478,-0.16,0.008258960400531423,-0.013756474591263723,0.003137242104685134
20160129,-3.25,99.26,97.8,-47.1,3.73,0.335,-3.1,3.812,10.478,-0.162,0.0029705817801317647,-0.0054842234361134334,-0.0007358402279777909
20160201,-2.02,99.163,97.8,-50.5,3.73,0.36,-3.1,3.812,10.478,-0.162,0.0069463526693853694,-0.006266876095807117,0.005121744649615456
20160202,-2.02,99.163,97.8,-50.5,3.73,0.314,-3.1,3.812,10.478,-0.161,0.010166325800674336,-0.00662594545531614,0.01023324412323845
20160203,-2.02,99.163,97.8,-54.2,3.73,0.276,-3.1,3.812,10.478,-0.162,0.006995390574284555,-0.0029810256708140415,0.015205915897172018
20160204,-2.02,99.163,97.8,-55.7,3.73,0.307,-3.1,3.8310000000000004,10.401,-0.166,0.010363693186274503,-0.012030792772832699,0.00241057809851708
20160205,-2.02,99.163,97.8,-55.7,3.73,0.301,-3.1,3.8310000000000004,10.401,-0.16699999999999998,0.015184363263419876,-0.018819467944396262,-0.000847142690746816
20160208,-2.02,99.163,97.8,-53.5,3.73,0.225,-3.1,3.8310000000000004,10.401,-0.16899999999999998,0.014660611543980462,0.0016099140801371092,0.008760929419136643
20160209,-2.02,99.163,97.8,-52.6,3.73,0.239,-3.1,3.8310000000000004,10.401,-0.171,0.009364032459365568,-0.005165931716085925,0.016588695270198794
20160210,-2.02,99.163,97.8,-51.6,3.73,0.248,-3.1,3.8310000000000004,10.401,-0.175,0.008496132594491668,-0.014462746042152697,0.013352338126070284
20160211,-2.02,99.163,97.8,-48.9,3.73,0.177,-3.1,4.091,9.905,-0.179,0.009714270798895086,-0.0026517363224274337,0.028963568459105193
20160212,-2.02,99.163,97.8,-48.3,3.73,0.265,-3.1,4.091,9.905,-0.183,-0.0006849569692948254,-0.007571292069834534,0.013431252028195617
20160215,-2.02,99.163,97.8,-43.9,2.35,0.24,-3.1,4.091,9.905,-0.183,0.011623565413019454,-0.018188897295389417,0.01187582588832492
20160216,-2.02,99.163,97.8,-46.9,0.87,0.262,-3.1,4.091,9.905,-0.187,0.005052287743232853,-0.004257720058236103,0.013171248865621044
20160217,-2.02,99.163,97.8,-47.4,0.87,0.275,-3.1,4.091,9.905,-0.18899999999999997,0.002928421502744527,-0.01567089673183153,0.015996303605190887
20160218,-2.02,99.163,97.8,-44.8,0.87,0.214,-3.1,3.955,10.307,-0.195,0.006960380101497465,-0.014232114801687512,0.021056716254926888
20160219,-2.02,99.163,97.8,-37.0,0.87,0.20600000000000002,-3.1,3.955,10.307,-0.198,0.005400765679565156,-0.010716656164363014,0.02590266936669061
20160222,-2.02,99.163,97.8,-33.7,0.87,0.18,-3.1,3.955,10.307,-0.19899999999999998,0.004316177836590995,-0.01004892898444898,0.026321869394942965
20160223,-2.02,99.163,97.8,-35.9,0.87,0.185,-3.1,3.955,10.307,-0.2,0.005497716641127193,-0.002526467479487593,0.03217581522582735
20160224,-2.02,99.163,97.8,-38.6,0.87,0.149,-3.1,3.955,10.307,-0.201,-0.003070101405011183,0.019983550010926443,0.04198427528198034
20160225,-2.02,99.163,94.0,-30.7,0.87,0.13699999999999998,-3.1,4.008,10.37,-0.201,-0.0020113741356215797,0.015849031495977828,0.03952895621322594
20160226,-2.02,99.163,94.0,-21.4,0.87,0.146,-3.1,4.008,10.37,-0.20199999999999999,-0.001095442439565053,0.010225156012649617,0.031784976062667614
20160229,-2.05,99.163,94.0,-19.4,0.87,0.109,-4.1,4.008,10.37,-0.205,0.0023745194455118135,0.003909380495475734,0.03183968547588423
20160301,-2.05,99.095,94.0,-12.7,0.87,0.149,-4.1,4.008,10.37,-0.207,-0.0018589999254114975,0.0020358664979718277,0.023901385785279006
20160302,-2.05,99.095,94.0,-10.1,0.87,0.213,-4.1,4.008,10.37,-0.20800000000000002,0.0021941192197800774,0.007763352929228251,0.011729727828869274
20160303,-2.05,99.095,94.0,-12.3,0.87,0.17300000000000001,-4.1,3.885,10.797,-0.213,0.005006481272197272,0.0054673394341859805,0.0027607159851297247
20160304,-2.05,99.095,94.0,-12.9,0.87,0.24,-4.1,3.885,10.797,-0.215,0.007353267790423779,-0.0008045241946561532,9.76651297093234e-05
20160307,-2.05,99.095,94.0,-11.8,0.87,0.218,-4.1,3.885,10.797,-0.21600000000000003,0.0042813936728192115,0.007028408450245882,-0.0010274685410343043
20160308,-2.05,99.095,94.0,-13.0,0.87,0.179,-4.1,3.885,10.797,-0.221,0.006792585176202293,-0.002036819269184864,-0.002551052632997708
20160309,-2.05,99.095,94.0,-12.8,0.87,0.23800000000000002,-4.1,3.885,10.797,-0.22399999999999998,0.0054131883350823085,-0.0040059357522226335,-0.003217029583901576
20160310,-2.05,99.095,94.0,-9.8,0.87,0.297,-4.1,3.83,11.032,-0.22899999999999998,0.007020495588456965,-0.00885347860094221,-0.007029347484909021
20160311,-2.05,99.095,94.0,-9.3,0.87,0.28,-4.1,3.83,11.032,-0.225,0.012073548208854756,-0.0348799929473097,-0.021436041927768823
20160314,-2.05,99.095,94.0,-7.5,0.87,0.27899999999999997,-4.1,3.83,11.032,-0.226,0.01757816148833724,-0.04425088445757097,-0.023934566438157168
20160315,-2.05,99.095,94.0,-5.1,0.1,0.317,-4.1,3.83,11.032,-0.22699999999999998,0.018697309990715283,-0.0496590006895995,-0.02608179012655487
20160316,-2.05,99.095,94.0,-3.4,0.1,0.31,-4.1,3.83,11.032,-0.23,0.015462213376797429,-0.046793995012903045,-0.021385209256569948
20160317,-2.05,99.095,94.0,-0.3,0.1,0.233,-4.1,3.7510000000000003,11.252,-0.23399999999999999,0.018921694924834975,-0.04680151114526121,-0.026551593844941657
20160318,-2.05,99.095,94.0,-0.2,0.1,0.218,-4.1,3.7510000000000003,11.252,-0.235,0.01343147977800263,-0.041179709911029816,-0.027058479469944552
20160321,-2.05,99.095,94.0,-2.9,0.1,0.23,-4.1,3.7510000000000003,11.252,-0.23800000000000002,0.008616516204934532,-0.03154725084437027,-0.02204800417656183
20160322,-2.05,99.095,94.0,-4.1,0.1,0.21100000000000002,-4.1,3.7510000000000003,11.252,-0.239,0.005161196086124642,-0.019727747112109006,-0.014453244633209072
20160323,-2.05,99.095,94.0,-3.7,0.1,0.19899999999999998,-4.1,3.7510000000000003,11.252,-0.24100000000000002,0.005254126783462709,-0.0244283131193207,-0.013461757865823376
20160324,-2.05,99.095,94.0,-10.7,0.1,0.179,-4.1,3.812,11.375,-0.242,0.003282323257052022,-0.023557022581747633,-0.010948145018031763
20160325,-2.05,99.095,96.1,-10.6,0.1,0.179,-4.1,3.812,11.375,-0.242,0.007459859733048857,-0.031693163291580895,-0.017087160955456593
20160328,-2.05,99.095,96.1,-4.9,0.1,0.179,-4.1,3.812,11.375,-0.242,0.011600630021075142,-0.04263484144667373,-0.024831290732762357
20160329,-2.05,99.095,96.1,-3.8,0.1,0.141,-4.1,3.812,11.375,-0.242,0.011490946272983082,-0.0505768682675507,-0.026223714343563964
20160330,-2.05,99.065,96.1,-3.4,0.1,0.16399999999999998,-4.1,3.812,11.375,-0.243,0.016534377766671327,-0.06833681406980152,-0.030662147927564054
20160331,-2.43,99.065,96.1,-5.2,0.1,0.155,-4.1,3.8,11.279000000000002,-0.244,0.01444662903556515,-0.06021177548603496,-0.03261841356346895
20160401,-2.43,99.065,96.1,-4.4,0.1,0.145,-4.1,3.8,11.279000000000002,-0.245,0.0035861107959267446,-0.0476735565882308,-0.03263625400615533
20160404,-2.43,99.065,96.1,-6.1,0.1,0.128,-4.1,3.8,11.279000000000002,-0.24600000000000002,0.00948649418744485,-0.05843128843543954,-0.03525676967664193
20160405,-2.43,99.065,96.1,-6.7,0.1,0.105,-4.1,3.8,11.279000000000002,-0.248,0.007310034971464541,-0.05547756011647231,-0.03390856573334977
20160406,-2.43,99.065,96.1,-7.6,0.1,0.11599999999999999,-4.1,3.8,11.279000000000002,-0.248,0.007968903144711659,-0.056354277320670776,-0.031340172713989034
20160407,-2.43,99.065,96.1,-6.6,0.1,0.08800000000000001,-4.1,3.8789999999999996,10.992,-0.247,0.01451488592618988,-0.05576090286686175,-0.02667078990124927
20160408,-2.43,99.065,96.1,-6.0,0.1,0.09699999999999999,-4.1,3.8789999999999996,10.992,-0.248,0.017811971394347204,-0.06325589796031961,-0.02722275533280305
20160411,-2.43,99.065,96.1,-3.5,0.1,0.11699999999999999,-4.1,3.8789999999999996,10.992,-0.251,0.019292330273066094,-0.0657169510506419,-0.028682548534306518
20160412,-2.43,99.065,96.1,-3.8,0.1,0.16,-4.1,3.8789999999999996,10.992,-0.249,0.015305773112156418,-0.05106306475662814,-0.028634222780605567
20160413,-2.43,99.065,96.1,-4.8,0.1,0.13699999999999998,-4.1,3.8789999999999996,10.992,-0.249,0.016408389610472973,-0.05312861761866505,-0.037341807631995794
20160414,-2.43,99.065,96.1,-8.2,0.68,0.16399999999999998,-4.1,3.781,11.245,-0.251,0.019865444934107357,-0.05183423896479045,-0.03693733069625238
20160415,-2.43,99.065,96.1,-12.2,2.13,0.134,-4.1,3.781,11.245,-0.249,0.020396859595764205,-0.05502752968855418,-0.03445819292274943
20160418,-2.43,99.065,96.1,-9.3,2.13,0.168,-4.1,3.781,11.245,-0.249,0.016999832759811984,-0.05899368631677704,-0.032195396923792474
20160419,-2.43,99.065,96.1,-21.9,2.13,0.17800000000000002,-4.1,3.781,11.245,-0.25,0.023585549953948792,-0.06896840811819671,-0.03584904917646781
20160420,-2.43,99.065,96.1,-21.8,2.13,0.15,-4.1,3.781,11.245,-0.249,0.02423571226729071,-0.07141734812554046,-0.041888653024061195
20160421,-2.43,99.065,96.1,-22.5,2.13,0.23199999999999998,-4.1,3.639,11.667,-0.249,0.02671002865016714,-0.06901139767610553,-0.041973515716722476
20160422,-2.43,99.065,96.1,-25.1,2.13,0.23199999999999998,-4.1,3.639,11.667,-0.249,0.0230433907378349,-0.06236333990315046,-0.049226871833526475
20160425,-2.43,99.065,96.1,-25.1,2.13,0.26899999999999996,-4.1,3.639,11.667,-0.25,0.02264715555488772,-0.05777039787574201,-0.04802215248194508
20160426,-2.43,99.065,96.1,-28.0,2.13,0.301,-4.1,3.639,11.667,-0.252,0.022516311221636,-0.059884468938296465,-0.053513568535143885
20160427,-2.43,99.065,94.7,-27.8,2.13,0.289,-4.1,3.639,11.667,-0.251,0.019227050375719923,-0.06042475323174623,-0.04885881297741246
20160428,-2.43,99.065,94.7,-29.8,2.13,0.249,-4.1,3.588,11.784,-0.252,0.021688546360910443,-0.06443885300777397,-0.04751404696304218
20160429,-2.43,99.065,94.7,-31.2,2.13,0.28,-3.6,3.588,11.784,-0.251,0.02154627981147894,-0.05604364852170418,-0.04629037191594376
20160502,-1.71,99.059,94.7,-31.7,2.13,0.275,-3.6,3.588,11.784,-0.25,0.017613198038190392,-0.06330231658366581,-0.04610993290496279
20160503,-1.71,99.059,94.7,-31.4,2.13,0.19699999999999998,-3.6,3.588,11.784,-0.251,0.017100393754154952,-0.05743864457156489,-0.04163079517509827
20160504,-1.71,99.059,94.7,-28.4,2.13,0.203,-3.6,3.588,11.784,-0.253,0.016330236801816778,-0.056833193293416295,-0.040329812446719515
20160505,-1.71,99.059,94.7,-30.7,2.13,0.163,-3.6,3.73,11.302,-0.255,0.015839862798870508,-0.05372298428569211,-0.036336925658985386
20160506,-1.71,99.059,94.7,-36.7,2.13,0.146,-3.6,3.73,11.302,-0.256,0.014048364316221695,-0.050868004197514916,-0.03041698400486581
20160509,-1.71,99.059,94.7,-37.1,2.13,0.13,-3.6,3.73,11.302,-0.258,0.01218183340473833,-0.04945752746844012,-0.026279924832365964
20160510,-1.71,99.059,94.7,-34.6,2.13,0.12300000000000001,-3.6,3.73,11.302,-0.26,0.009755619956506756,-0.04024321800420183,-0.02573936385489284
20160511,-1.71,99.059,94.7,-34.6,2.13,0.126,-3.6,3.73,11.302,-0.259,0.011206043046279035,-0.037811462951113706,-0.023920631217250632
20160512,-1.71,99.059,94.7,-38.5,2.13,0.154,-3.6,3.736,11.350999999999999,-0.258,0.007953340656089436,-0.02619330848767043,-0.024599570396249604
20160513,-1.71,99.059,94.7,-33.0,2.13,0.129,-3.6,3.736,11.350999999999999,-0.257,0.007538948985053695,-0.029336752634089303,-0.02283829037727325
20160516,-1.71,99.059,94.7,-36.2,0.68,0.141,-3.6,3.736,11.350999999999999,-0.257,0.005201997452828566,-0.024272124609752144,-0.020160163549785004
20160517,-1.71,99.059,94.7,-30.6,0.68,0.133,-3.6,3.736,11.350999999999999,-0.257,0.01046031200947195,-0.024914884325081266,-0.023807926444789018
20160518,-1.71,99.059,94.7,-31.7,0.68,0.163,-3.6,3.736,11.350999999999999,-0.257,0.010820902072343985,-0.026473105914097683,-0.035278147832804585
20160519,-1.71,99.059,94.7,-30.6,0.68,0.17300000000000001,-3.6,3.713,11.360999999999999,-0.258,0.007173506005311969,-0.01888499083924544,-0.03397035235216239
20160520,-1.71,99.059,94.7,-30.8,0.68,0.17300000000000001,-3.6,3.713,11.360999999999999,-0.258,0.008092254844245694,-0.02666032733195034,-0.033822097489734526
20160523,-1.71,99.059,94.7,-32.8,0.68,0.183,-3.6,3.713,11.360999999999999,-0.258,0.007254445461769787,-0.02062160429550297,-0.03337175334436093
20160524,-1.71,99.059,94.7,-22.0,0.68,0.17600000000000002,-3.6,3.713,11.360999999999999,-0.258,0.004949417124116007,-0.028085165778520604,-0.034438733682725875
20160525,-1.71,99.059,94.7,-23.3,0.68,0.153,-3.6,3.713,11.360999999999999,-0.258,0.0061246561942995825,-0.029581413010094204,-0.03694975114703358
20160526,-1.71,99.059,92.4,-20.4,0.68,0.14400000000000002,-3.6,3.657,11.604000000000001,-0.258,0.008544849615638839,-0.03604282865597708,-0.03183627545564072
20160527,-1.71,99.059,92.4,-22.8,0.68,0.14300000000000002,-3.6,3.657,11.604000000000001,-0.26,0.007206746820963117,-0.029969422151276293,-0.02993806025013024
20160530,-1.71,99.059,92.4,-22.8,0.68,0.166,-3.7,3.657,11.604000000000001,-0.261,0.008840847130333396,-0.03379327839626978,-0.025672106424695418
20160531,-1.47,99.059,92.4,-18.6,0.68,0.147,-3.7,3.657,11.604000000000001,-0.261,0.008627940708646253,-0.028229828788809197,-0.020316575758327016
20160601,-1.47,99.059,92.4,-17.1,0.68,0.134,-3.7,3.657,11.604000000000001,-0.261,0.006376052962239864,-0.025656106091147324,-0.016068305614218348
20160602,-1.47,99.059,92.4,-16.4,0.68,0.113,-3.7,3.6189999999999998,11.655999999999999,-0.262,0.0024445880622259164,-0.021985431193137117,-0.010531140220966018
20160603,-1.47,99.059,92.4,-25.4,0.68,0.07400000000000001,-3.7,3.6189999999999998,11.655999999999999,-0.261,0.006098063338953796,-0.022949744461549182,-0.004112492395910383
20160606,-1.47,99.059,92.4,-24.9,0.68,0.085,-3.7,3.6189999999999998,11.655999999999999,-0.262,0.003962400926383669,-0.02109534430920168,-0.004538316052603575
20160607,-1.47,99.059,92.4,-25.2,0.68,0.053,-3.7,3.6189999999999998,11.655999999999999,-0.261,0.005736954101859482,-0.025277611876154182,-0.0037484990142560015
20160608,-1.47,99.059,92.4,-24.4,0.68,0.06,-3.7,3.6189999999999998,11.655999999999999,-0.264,0.0035784945831742743,-0.017072003205056863,-0.00018413764140401412
20160609,-1.47,99.059,92.4,-23.2,0.68,0.037000000000000005,-3.7,3.647,11.632,-0.262,-3.347841673684293e-05,-0.008099108359780782,0.004504524204718585
20160610,-1.47,99.059,92.4,-23.0,0.68,0.021,-3.7,3.647,11.632,-0.263,-0.004079669526126706,0.006607608579331625,0.009193649621107802
20160613,-1.47,99.059,92.4,-22.9,0.68,0.027999999999999997,-3.7,3.647,11.632,-0.263,-0.008150801924151185,0.013441693591043746,0.012156018103707478
20160614,-1.47,99.059,92.4,-22.3,0.19,-0.001,-3.7,3.647,11.632,-0.262,-0.01387678117416491,0.02955779161072658,0.021349392368218423
20160615,-1.47,99.059,92.4,-22.9,0.87,-0.013999999999999999,-3.7,3.647,11.632,-0.262,-0.00773078750163636,0.013098296213181815,0.016211951818501324
20160616,-1.47,99.059,92.4,-21.6,0.87,-0.02,-3.7,3.843,11.032,-0.264,-0.013801386465642329,0.02320084259018307,0.017241547734469398
20160617,-1.47,99.059,92.4,-19.9,0.87,0.018000000000000002,-3.7,3.843,11.032,-0.265,-0.006325718669440539,0.004320229390394337,0.008951598208518874
20160620,-1.47,99.059,92.4,-17.2,0.87,0.062,-3.7,3.843,11.032,-0.266,0.005253251399526704,-0.023595187874798196,0.003887483706869199
20160621,-1.47,99.059,92.4,-16.0,0.87,0.047,-3.7,3.843,11.032,-0.266,0.00446496507858285,-0.019572361374763148,0.0011367036267169173
20160622,-1.47,99.059,92.4,-16.0,0.87,0.057,-3.7,3.843,11.032,-0.268,0.004334911278091713,-0.021010638284011618,-0.0009015676516157534
20160623,-1.47,99.059,92.4,-19.0,0.87,0.096,-3.7,3.75,11.37,-0.26899999999999996,0.004381071142286697,-0.030591591034951238,-0.007876420245039206
20160624,-1.47,99.059,92.4,-23.8,0.87,-0.051,-3.7,3.75,11.37,-0.281,-0.010329954891013848,0.019775981105420115,0.017208277687343232
20160627,-1.47,99.059,97.4,-23.3,0.87,-0.105,-3.7,3.75,11.37,-0.28300000000000003,-0.014398985405251308,0.047613994787865765,0.03171283971597072
20160628,-1.47,99.059,97.4,-20.5,0.87,-0.11699999999999999,-3.7,3.75,11.37,-0.281,-0.014508665538852217,0.03243257753212592,0.025163300633405994
20160629,-1.47,99.059,97.4,-20.1,0.87,-0.126,-2.8,3.75,11.37,-0.282,-0.008756329271710994,0.023150200271073507,0.020282906861932126
20160630,-0.83,99.055,97.4,-19.8,0.87,-0.127,-2.8,3.8930000000000002,10.924000000000001,-0.28600000000000003,-0.009648951914860593,0.023262891573794908,0.019664123612043394
20160701,-0.83,99.055,97.4,-14.3,0.87,-0.129,-2.8,3.8930000000000002,10.924000000000001,-0.29,-0.008344120291130519,0.019594129522366277,0.024843385452003375
20160704,-0.83,99.055,97.4,-12.6,0.87,-0.136,-2.8,3.8930000000000002,10.924000000000001,-0.29100000000000004,-0.0094228528715119,0.030632489509515137,0.03015857789157783
20160705,-0.83,99.055,97.4,-13.4,0.87,-0.179,-2.8,3.8930000000000002,10.924000000000001,-0.292,-0.010717390614609856,0.04341296561251662,0.04383258476397467
20160706,-0.83,99.055,97.4,-7.1,0.87,-0.179,-2.8,3.8930000000000002,10.924000000000001,-0.293,-0.018620316620518995,0.06193832302199054,0.05446916538694491
20160707,-0.83,99.055,97.4,-3.1,0.87,-0.165,-2.8,3.87,10.936,-0.293,-0.015684369584375357,0.05681551912542515,0.056503718217914
20160708,-0.83,99.055,97.4,5.3,0.87,-0.184,-2.8,3.87,10.936,-0.293,-0.017844768762229624,0.048268373826591215,0.05611651180141797
20160711,-0.83,99.055,97.4,9.6,0.87,-0.16699999999999998,-2.8,3.87,10.936,-0.292,-0.011990918905813386,0.03589725883310235,0.053644476075698444
20160712,-0.83,99.055,97.4,11.5,0.87,-0.09300000000000001,-2.8,3.87,10.936,-0.29100000000000004,-0.00957101487655665,0.02487671178233941,0.04326910669907025
20160713,-0.83,99.055,97.4,13.0,0.87,-0.142,-2.8,3.87,10.936,-0.295,-0.007343903282616582,0.02666473684407933,0.04292390407788105
20160714,-0.83,99.055,97.4,15.4,0.38,-0.129,-2.8,3.7310000000000003,11.409,-0.295,-0.006927750775465924,0.020001734346174693,0.037730611388829605
20160715,-0.83,99.055,97.4,21.9,-0.29,0.004,-2.8,3.7310000000000003,11.409,-0.293,-0.007192407526945388,0.024066327622916717,0.0375238817941943
20160718,-0.83,99.055,97.4,25.1,-0.29,-0.018000000000000002,-2.8,3.7310000000000003,11.409,-0.295,-0.007902872739681155,0.028280413243802816,0.037388057656397855
20160719,-0.83,99.055,97.4,27.9,-0.29,-0.028999999999999998,-2.8,3.7310000000000003,11.409,-0.295,-0.010232888234627757,0.037969888996779666,0.0405872432245884
20160720,-0.83,99.055,97.4,28.6,-0.29,-0.011000000000000001,-2.8,3.7310000000000003,11.409,-0.297,-0.009640078203400404,0.031448987052305366,0.04240987849881295
20160721,-0.83,99.055,97.4,32.8,-0.29,-0.008,-2.8,3.627,11.626,-0.297,-0.007655341973092256,0.03254991897478354,0.04414823079942387
20160722,-0.83,99.055,97.4,36.7,-0.29,-0.026000000000000002,-2.8,3.627,11.626,-0.297,-0.010395494826211937,0.03373633118581143,0.047987043843772614
20160725,-0.83,99.055,97.4,38.6,-0.29,-0.037000000000000005,-2.8,3.627,11.626,-0.297,-0.008742219686633579,0.031269264763884363,0.049789726012581914
20160726,-0.83,99.055,97.4,43.1,-0.29,-0.025,-2.8,3.627,11.626,-0.298,-0.007934760453260692,0.03051657525608742,0.05240465178447562
20160727,-0.83,99.055,96.7,37.2,-0.29,-0.077,-2.8,3.627,11.626,-0.298,-0.006575145739816657,0.025014828236662456,0.054207819489229925
20160728,-0.83,99.055,96.7,36.5,-0.29,-0.084,-2.8,3.6719999999999997,11.673,-0.29600000000000004,-0.00832717075103484,0.027932015597885496,0.05867566536617641
20160729,-0.83,99.055,96.7,16.3,-0.29,-0.12,-2.6,3.6719999999999997,11.673,-0.297,-0.003151161363170951,0.02007359785460805,0.05744980226553231
20160801,-1.24,99.06,96.7,13.8,-0.29,-0.095,-2.6,3.6719999999999997,11.673,-0.297,-0.004825933440499197,0.025750551740497007,0.05779016814151472
20160802,-1.24,99.06,96.7,15.8,-0.29,-0.027000000000000003,-2.6,3.6719999999999997,11.673,-0.298,-0.005838014454460527,0.03374506409809719,0.06280179261845409
20160803,-1.24,99.06,96.7,16.1,-0.29,-0.034,-2.6,3.6719999999999997,11.673,-0.299,-0.011146930537099808,0.03505459763128149,0.06038648030354965
20160804,-1.24,99.06,96.7,17.8,-0.29,-0.09699999999999999,-2.6,3.78,11.543,-0.298,-0.008103684574370384,0.031637581155516625,0.06027308446452839
20160805,-1.24,99.06,96.7,20.9,-0.29,-0.068,-2.6,3.78,11.543,-0.298,-0.008869230973860276,0.026651235123543615,0.05339100988459389
20160808,-1.24,99.06,96.7,19.1,-0.29,-0.063,-2.6,3.78,11.543,-0.298,-0.003680467605504889,0.023276753818332385,0.050954112488970416
20160809,-1.24,99.06,96.7,19.0,-0.29,-0.078,-2.6,3.78,11.543,-0.298,0.0030728310029840555,0.005692396689552792,0.05915185319968819
20160810,-1.24,99.06,96.7,17.4,-0.29,-0.107,-2.6,3.78,11.543,-0.297,0.007470739904787527,-0.002055828286557926,0.07171598025601233
20160811,-1.24,99.06,96.7,16.8,-0.29,-0.09300000000000001,-2.6,3.697,11.829,-0.299,0.009901896429663992,-0.01390605792594235,0.08967797443814796
20160812,-1.24,99.06,96.7,10.9,-0.29,-0.106,-2.6,3.697,11.829,-0.299,0.0130590319337347,-0.018875932566907783,0.10434057624734439
20160815,-1.24,99.06,96.7,7.7,1.25,-0.068,-2.6,3.697,11.829,-0.298,0.01290758413256099,-0.027334396973118902,0.11210228310135828
20160816,-1.24,99.06,96.7,6.0,2.33,-0.028999999999999998,-2.6,3.697,11.829,-0.299,0.015050954951442819,-0.03369925283640818,0.11647978423734018
20160817,-1.24,99.06,96.7,5.4,2.33,-0.048,-2.6,3.697,11.829,-0.298,0.015786810334775803,-0.029051592810667604,0.11817738905323161
20160818,-1.24,99.06,96.7,5.3,2.33,-0.08199999999999999,-2.6,3.645,11.850999999999999,-0.299,0.017975693010416016,-0.0404010516178388,0.11782918499501882
20160819,-1.24,99.06,96.7,4.6,2.33,-0.034,-2.6,3.645,11.850999999999999,-0.298,0.017972055750162808,-0.03912638645901323,0.1192133633018353
20160822,-1.24,99.06,96.7,1.9,2.33,-0.085,-2.6,3.645,11.850999999999999,-0.299,0.02017725385186475,-0.040648852260720236,0.11995303272097191
20160823,-1.24,99.06,96.7,10.1,2.33,-0.08800000000000001,-2.6,3.645,11.850999999999999,-0.298,0.022430451352601022,-0.0491094237756855,0.11687232384392132
20160824,-1.24,99.06,96.7,10.2,2.33,-0.08900000000000001,-2.6,3.645,11.850999999999999,-0.298,0.024367460624193926,-0.050560565796160084,0.11116909302471356
20160825,-1.24,99.06,101.8,12.2,2.33,-0.073,-2.6,3.6630000000000003,11.866,-0.298,0.023298380574634292,-0.050972181935319716,0.10818712879425729
20160826,-1.24,99.06,101.8,11.1,2.33,-0.08900000000000001,-2.6,3.6630000000000003,11.866,-0.298,0.023603654325078827,-0.05834576421591797,0.10550765750201263
20160829,-1.24,99.06,101.8,10.6,2.33,-0.052000000000000005,-4.3,3.6630000000000003,11.866,-0.297,0.017448549108327382,-0.04193664868222213,0.1039922025527098
20160830,-1.24,99.086,101.8,12.1,2.33,-0.092,-4.3,3.6630000000000003,11.866,-0.299,0.01760940849053405,-0.048504324966625045,0.09839305214670202
20160831,-1.3,99.086,101.8,13.5,2.33,-0.061,-4.3,3.6630000000000003,11.866,-0.299,0.017266264450605417,-0.046062536977649726,0.0946901907568729
20160901,-1.3,99.086,101.8,4.8,2.33,-0.066,-4.3,3.603,11.959000000000001,-0.299,0.018890678380508508,-0.044325948307263774,0.10001959520490034
20160902,-1.3,99.086,101.8,0.6,2.33,-0.039,-4.3,3.603,11.959000000000001,-0.301,0.019706902647248503,-0.04855127637820067,0.10571087589630901
20160905,-1.3,99.086,101.8,0.0,2.33,-0.045,-4.3,3.603,11.959000000000001,-0.301,0.02041549676928267,-0.041686265118053845,0.11158606062267795
20160906,-1.3,99.086,101.8,-7.0,2.33,-0.1,-4.3,3.603,11.959000000000001,-0.303,0.022310037005195404,-0.03840192058853309,0.12341428278870836
20160907,-1.3,99.086,101.8,-5.7,2.33,-0.11800000000000001,-4.3,3.603,11.959000000000001,-0.303,0.023896077773355007,-0.04213641545943614,0.1297453001735065
20160908,-1.3,99.086,101.8,-4.8,2.33,-0.061,-4.3,3.6189999999999998,11.091,-0.304,0.024374688557920132,-0.0423110620246383,0.12853822612050458
20160909,-1.3,99.086,101.8,-4.9,2.33,0.017,-4.3,3.6189999999999998,11.091,-0.301,0.029082074552288395,-0.046783032182315054,0.11868093602213237
20160912,-1.3,99.086,101.8,-4.9,2.33,0.044000000000000004,-4.3,3.6189999999999998,11.091,-0.303,0.018258615563338854,-0.02998680458062175,0.12647827952528257
20160913,-1.3,99.086,101.8,-5.8,2.33,0.049,-4.3,3.6189999999999998,11.091,-0.302,0.022957756711973643,-0.03586568630668041,0.1308615980869532
20160914,-1.3,99.086,101.8,-6.0,1.74,0.027999999999999997,-4.3,3.6189999999999998,11.091,-0.303,0.022412369402024623,-0.033543968454518236,0.13176592525072373
20160915,-1.3,99.086,101.8,-9.5,1.45,0.032,-4.3,3.7110000000000003,10.806,-0.301,0.01924418651895432,-0.028910651789557873,0.1297969863424009
20160916,-1.3,99.086,101.8,-3.0,1.45,0.003,-4.3,3.7110000000000003,10.806,-0.301,0.019264924934940586,-0.01595115444406825,0.13660455639971625
20160919,-1.3,99.086,101.8,3.3,1.45,0.016,-4.3,3.7110000000000003,10.806,-0.301,0.02474545070704459,-0.02581282655937689,0.13222216466328685
20160920,-1.3,99.086,101.8,-1.7,1.45,-0.018000000000000002,-4.3,3.7110000000000003,10.806,-0.301,0.02410755528610542,-0.022099933160839136,0.13152205962580377
20160921,-1.3,99.086,101.8,-1.4,1.45,0.008,-4.3,3.7110000000000003,10.806,-0.301,0.023505767328407146,-0.011229905495328651,0.12608995389510014
20160922,-1.3,99.086,101.8,-5.9,1.45,-0.092,-4.3,3.633,10.933,-0.301,0.027556908082847498,-0.02914985654667812,0.12785849686161144
20160923,-1.3,99.086,101.8,-4.4,1.45,-0.081,-4.3,3.633,10.933,-0.302,0.027244772064092704,-0.025610973699596418,0.1302822957629317
20160926,-1.3,99.086,101.8,-5.4,1.45,-0.10800000000000001,-4.3,3.633,10.933,-0.303,0.027056628602388555,-0.020805558905083954,0.13756489755482892
20160927,-1.3,99.086,103.5,-5.2,1.45,-0.13699999999999998,-4.3,3.633,10.933,-0.301,0.023759875089540916,-0.00749475083072193,0.13760761937546362
20160928,-1.3,99.086,103.5,-5.1,1.45,-0.147,-4.3,3.633,10.933,-0.302,0.020477814122446425,-0.006914641776321728,0.1371810575114183
20160929,-1.3,99.086,103.5,-3.4,1.45,-0.11699999999999999,-1.8,3.6689999999999996,10.887,-0.301,0.024250631819753732,-0.010501083311716952,0.13743512815175696
20160930,-1.17,99.15,103.5,-5.1,1.45,-0.11699999999999999,-1.8,3.6689999999999996,10.887,-0.301,0.01943952957696471,-0.011544907858059617,0.13653444943916115
20161003,-1.17,99.15,103.5,-5.6,1.45,-0.096,-1.8,3.6689999999999996,10.887,-0.301,0.02050114466102615,-0.009661362705693843,0.13863459228466546
20161004,-1.17,99.15,103.5,-6.9,1.45,-0.091,-1.8,3.6689999999999996,10.887,-0.301,0.021759956672133374,-0.014793333958367905,0.1339781439548804
20161005,-1.17,99.15,103.5,0.8,1.45,-0.005,-1.8,3.6689999999999996,10.887,-0.302,0.019166087574462365,-0.014842659163056382,0.12415435782487916
20161006,-1.17,99.15,103.5,1.8,1.45,-0.006,-1.8,3.658,10.908,-0.304,0.018035914122903174,-0.01459413157974021,0.12115745896717245
20161007,-1.17,99.15,103.5,-2.0,1.45,0.027000000000000003,-1.8,3.658,10.908,-0.304,0.016596091479046393,-0.008303187835314807,0.11646847034806962
20161010,-1.17,99.15,103.5,-2.9,1.45,0.063,-1.8,3.658,10.908,-0.305,0.015789802929292662,-0.014649269072301907,0.11419215672712135
20161011,-1.17,99.15,103.5,-5.2,1.45,0.023,-1.8,3.658,10.908,-0.306,0.017099853242693586,-0.013320934351740199,0.11307477467194338
20161012,-1.17,99.15,103.5,-7.8,1.45,0.067,-1.8,3.658,10.908,-0.309,0.012189576022503035,-0.007544915644930983,0.11077447967463994
20161013,-1.17,99.15,103.5,-6.6,1.45,0.040999999999999995,-1.8,3.64,10.955,-0.311,0.011313449884668758,-0.0027877677352170505,0.12074719196027717
20161014,-1.17,99.15,103.5,-7.6,0.96,0.055999999999999994,-1.8,3.64,10.955,-0.311,0.013411251026559157,-0.013557458968709746,0.11165668436502107
20161017,-1.17,99.15,103.5,-9.7,0.86,0.057,-1.8,3.64,10.955,-0.311,0.011543384038487092,-0.008563611478598743,0.10908632158615772
20161018,-1.17,99.15,103.5,-16.7,0.86,0.037000000000000005,-1.8,3.64,10.955,-0.312,0.013123611306502525,-0.011260011535543235,0.10282419960392963
20161019,-1.17,99.15,103.5,-23.6,0.86,0.024,-1.8,3.64,10.955,-0.313,0.01362196362847512,-0.009972353650816057,0.09559856125565624
20161020,-1.17,99.15,103.5,-23.8,0.86,0.006999999999999999,-1.8,3.62,11.004000000000001,-0.313,0.013748052730744531,-0.01029470273461186,0.09063399694585872
20161021,-1.17,99.15,103.5,-23.0,0.86,0.004,-1.8,3.62,11.004000000000001,-0.312,0.012291433578769828,-0.00623758238241745,0.08951996804991191
20161024,-1.17,99.15,103.5,-14.7,0.86,0.025,-1.8,3.62,11.004000000000001,-0.311,0.010764915361761496,-0.008438323147170745,0.08898288746032446
20161025,-1.17,99.15,103.5,-13.1,0.86,0.028999999999999998,-1.8,3.62,11.004000000000001,-0.312,0.011842611134589287,-0.005862168544523705,0.0897576004082059
20161026,-1.17,99.15,103.5,-10.9,0.86,0.08900000000000001,-1.8,3.62,11.004000000000001,-0.313,0.012856304614431435,-0.010734395179538003,0.08747591470599025
20161027,-1.17,99.15,100.8,-12.6,0.86,0.17300000000000001,-1.8,3.573,11.13,-0.312,0.013207073212181397,-0.01822552139921041,0.08543479540193788
20161028,-1.17,99.15,100.8,-9.1,0.86,0.165,-1.8,3.573,11.13,-0.313,0.01366705331069884,-0.02280968248692794,0.08676651150672177
20161031,-0.8,99.15,100.8,-8.1,0.86,0.166,-0.7,3.573,11.13,-0.313,0.013422191496955671,-0.021657159980788654,0.08768392700927286
20161101,-0.8,99.255,100.8,-8.3,0.86,0.17300000000000001,-0.7,3.573,11.13,-0.313,0.015710057581343806,-0.022213478659776076,0.08506708351531977
20161102,-0.8,99.255,100.8,-10.0,0.86,0.129,-0.7,3.573,11.13,-0.313,0.01664719605287024,-0.02162411816311427,0.09055465762157566
20161103,-0.8,99.255,100.8,-13.1,0.86,0.159,-0.7,3.627,10.953,-0.313,0.018000839793436807,-0.02130602919485791,0.0838114695717187
20161104,-0.8,99.255,100.8,-12.9,0.86,0.133,-0.7,3.627,10.953,-0.312,0.016281995991405562,-0.02342020202724271,0.08919984472032905
20161107,-0.8,99.255,100.8,-11.9,0.86,0.151,-0.7,3.627,10.953,-0.312,0.009758511131642944,-0.018673589000591795,0.08113614525660995
20161108,-0.8,99.255,100.8,-9.8,0.86,0.182,-0.7,3.627,10.953,-0.312,0.010374508891474843,-0.02311395795194726,0.08209291452762613
20161109,-0.8,99.255,100.8,-9.0,0.86,0.179,-0.7,3.627,10.953,-0.312,0.0027074669473112767,-0.02464277149611127,0.06457888437431758
20161110,-0.8,99.255,100.8,-7.9,0.86,0.282,-0.7,3.534,11.238,-0.312,0.005201986478436282,-0.00960206816227438,0.033054248627567784
20161111,-0.8,99.255,100.8,-6.3,0.86,0.306,-0.7,3.534,11.238,-0.312,0.005803868864902473,-0.006443515411296286,0.026307239602458843
20161114,-0.8,99.255,100.8,-6.3,0.86,0.33299999999999996,-0.7,3.534,11.238,-0.312,0.004139874017150769,0.001989653575977579,0.012229422205912499
20161115,-0.8,99.255,100.8,-2.2,3.19,0.311,-0.7,3.534,11.238,-0.312,0.00172259078599879,0.0011691544332792514,0.018901814038637665
20161116,-0.8,99.255,100.8,-4.4,3.19,0.303,-0.7,3.534,11.238,-0.311,0.0013046280895991913,0.010308197133964248,0.02798295623906588
20161117,-0.8,99.255,100.8,8.3,3.19,0.276,-0.7,3.4019999999999997,11.661,-0.312,0.0017801288002232685,0.009817847691379056,0.02691411161203061
20161118,-0.8,99.255,100.8,7.9,3.19,0.282,-0.7,3.4019999999999997,11.661,-0.313,-0.0016367568349329176,0.018047469072957956,0.026273914187771474
20161121,-0.8,99.255,100.8,5.6,3.19,0.281,-0.7,3.4019999999999997,11.661,-0.312,-0.002254715341781788,0.017148251902669998,0.027777376007039223
20161122,-0.8,99.255,100.8,5.8,3.19,0.22699999999999998,-0.7,3.4019999999999997,11.661,-0.313,-0.0027452199790827247,0.015311428641250568,0.024068568776556498
20161123,-0.8,99.255,100.8,8.5,3.19,0.28,-0.7,3.4019999999999997,11.661,-0.313,-0.00475672721524889,0.019881339417008537,0.019013500818750195
20161124,-0.8,99.255,100.8,8.9,3.19,0.265,-0.7,3.3339999999999996,11.850999999999999,-0.314,-0.0017575842741066605,0.014753304393678501,0.017385756391013585
20161125,-0.8,99.255,109.4,9.3,3.19,0.23800000000000002,-0.7,3.3339999999999996,11.850999999999999,-0.314,-0.0012741080456435405,0.013480649900895258,0.019367833982103733
20161128,-0.8,99.255,109.4,11.6,3.19,0.19,-0.7,3.3339999999999996,11.850999999999999,-0.314,-0.00013897606474877477,0.022185390823557194,0.025691799229892842
20161129,-0.8,99.255,109.4,16.8,3.19,0.22699999999999998,-1.1,3.3339999999999996,11.850999999999999,-0.314,0.000783191171894071,0.014492411725687493,0.022746359473456712
20161130,-0.43,99.385,109.4,17.8,3.19,0.27899999999999997,-1.1,3.3339999999999996,11.850999999999999,-0.314,0.0012063020801857949,0.012658254489302578,0.015438982655481936
20161201,-0.43,99.385,109.4,18.2,3.19,0.35600000000000004,-1.1,3.3139999999999996,11.748,-0.313,0.0026433386055217944,0.020961599670272335,0.0008247233458065217
20161202,-0.43,99.385,109.4,24.7,3.19,0.28300000000000003,-1.1,3.3139999999999996,11.748,-0.313,0.0025245638299076223,0.023910343589623073,0.00698809414789725
20161205,-0.43,99.385,109.4,28.7,3.19,0.337,-1.1,3.3139999999999996,11.748,-0.313,0.0011924755636707474,0.013973308299273457,0.004490977827653619
20161206,-0.43,99.385,109.4,30.1,3.19,0.373,-1.1,3.3139999999999996,11.748,-0.315,0.003522053409515724,0.007302385320763882,-0.003922751657457146
20161207,-0.43,99.385,109.4,30.1,3.19,0.34700000000000003,-1.1,3.3139999999999996,11.748,-0.316,0.0024184586742939107,0.006140335730699942,-0.009031141884981553
20161208,-0.43,99.385,109.4,29.5,3.19,0.379,-1.1,3.22,12.104000000000001,-0.318,0.0012972610738888335,0.012843936518135202,-0.014104164525030383
20161209,-0.43,99.385,109.4,30.2,3.19,0.35700000000000004,-1.1,3.22,12.104000000000001,-0.316,-0.0008183726282020576,0.022562881916291078,-0.008390942266627066
20161212,-0.43,99.385,109.4,29.7,3.19,0.408,-1.1,3.22,12.104000000000001,-0.316,0.00018522947940113887,0.016952888953798873,-0.0029899136827629125
20161213,-0.43,99.385,109.4,32.6,3.19,0.35200000000000004,-1.1,3.22,12.104000000000001,-0.316,-0.0001246562410661678,0.013153404231185384,-0.000358245926088685
20161214,-0.43,99.385,109.4,27.5,3.38,0.306,-1.1,3.22,12.104000000000001,-0.316,0.0011471868669432617,0.015058671906494014,-0.0035986035886907963
20161215,-0.43,99.385,109.4,37.0,2.42,0.358,-1.1,3.18,12.247,-0.316,-0.007928920294545616,0.02384786359703428,-0.009633966575427921
20161216,-0.43,99.385,109.4,22.9,2.42,0.314,-1.1,3.18,12.247,-0.314,-0.008697342324241575,0.0256285700371075,-0.008635593799469765
20161219,-0.43,99.385,109.4,23.2,2.42,0.251,-1.1,3.18,12.247,-0.313,-0.009854128443835819,0.030020703748730115,-0.0076161488192521
20161220,-0.43,99.385,109.4,23.3,2.42,0.271,-1.1,3.18,12.247,-0.313,-0.012864415195301904,0.034720307377880566,-0.015938739985180472
20161221,-0.43,99.385,109.4,22.8,2.42,0.24600000000000002,-1.1,3.18,12.247,-0.315,-0.012330761071996932,0.03254096163898512,-0.01927584496996504
20161222,-0.43,99.385,109.4,21.0,2.42,0.258,-1.1,3.1660000000000004,12.28,-0.316,-0.012458116052499246,0.03420893915212164,-0.020638673301148103
20161223,-0.43,99.385,109.4,25.6,2.42,0.226,-1.1,3.1660000000000004,12.28,-0.317,-0.0128360802648948,0.0342808030898607,-0.019622404188713416
20161226,-0.43,99.385,109.4,25.6,2.42,0.226,-1.1,3.1660000000000004,12.28,-0.317,-0.013650376535809583,0.03468484554356399,-0.01925149234022827
20161227,-0.43,99.385,113.3,24.5,2.42,0.204,-1.1,3.1660000000000004,12.28,-0.318,-0.014348966642918404,0.03400059986751813,-0.017465512589094567
20161228,-0.43,99.385,113.3,24.3,2.42,0.196,-1.1,3.1660000000000004,12.28,-0.319,-0.01145447349394857,0.03613698539995558,-0.01603886602671034
20161229,-0.43,99.385,113.3,23.9,2.42,0.174,0.0,3.173,12.187000000000001,-0.319,-0.009505368193367003,0.02812292889783885,-0.011479608130096741
20161230,-0.43,99.51899999999999,113.3,23.3,2.42,0.207,0.0,3.173,12.187000000000001,-0.319,-0.005040252835313064,0.016628524134133738,-0.0180753263559974
